url,salary_from,salary_to,salary_cur,name,ref
http://hh.ru/,,29000.0,руб.,Швея,https://hhcdn.ru/click?b=211866&place=35
http://hh.ru/,,29000.0,руб.,Швея,https://hhcdn.ru/click?b=211867&place=35
http://hh.ru/,,29000.0,руб.,Швея,https://hhcdn.ru/click?b=211866&place=35
http://hh.ru/,,29001.0,руб.,Швея,https://hhcdn.ru/click?b=211866&place=35
http://hh.ru/,,60000.0,руб.,Швея-портной,https://hhcdn.ru/click?b=213336&place=36
http://hh.ru/,,60000.0,руб.,Швея,https://korolev.hh.ru/vacancy/44817248?query=%D1%88%D0%B2%D0%B5%D1%8F
http://hh.ru/,70000.0,100000.0,руб.,Швея-портной,https://korolev.hh.ru/vacancy/44849432?query=%D1%88%D0%B2%D0%B5%D1%8F
http://hh.ru/,65000.0,90000.0,руб.,Швея по пошиву штор,https://korolev.hh.ru/vacancy/44834111?query=%D1%88%D0%B2%D0%B5%D1%8F
http://hh.ru/,10000.0,12000.0,грн.,Швея-портной,https://korolev.hh.ru/vacancy/44840156?query=%D1%88%D0%B2%D0%B5%D1%8F
http://hh.ru/,950.0,1700.0,бел.руб.,Швея,https://korolev.hh.ru/vacancy/43377962?query=%D1%88%D0%B2%D0%B5%D1%8F
http://hh.ru/,60000.0,100000.0,руб.,Швея-портной,https://korolev.hh.ru/vacancy/44847503?query=%D1%88%D0%B2%D0%B5%D1%8F
http://hh.ru/,30000.0,35000.0,руб.,Швея (производство),https://korolev.hh.ru/vacancy/40199209?query=%D1%88%D0%B2%D0%B5%D1%8F
http://hh.ru/,,35000.0,руб.,Швея,https://korolev.hh.ru/vacancy/44458069?query=%D1%88%D0%B2%D0%B5%D1%8F
http://hh.ru/,,65000.0,руб.,Швея,https://korolev.hh.ru/vacancy/44188540?query=%D1%88%D0%B2%D0%B5%D1%8F
http://hh.ru/,,40000.0,руб.,Швея,https://korolev.hh.ru/vacancy/44426695?query=%D1%88%D0%B2%D0%B5%D1%8F
http://hh.ru/,50000.0,70000.0,руб.,Швея-портной,https://korolev.hh.ru/vacancy/44454243?query=%D1%88%D0%B2%D0%B5%D1%8F
http://hh.ru/,25000.0,35000.0,руб.,Швея,https://korolev.hh.ru/vacancy/44265335?query=%D1%88%D0%B2%D0%B5%D1%8F
http://hh.ru/,60000.0,100000.0,руб.,Швея,https://korolev.hh.ru/vacancy/44338133?query=%D1%88%D0%B2%D0%B5%D1%8F
http://hh.ru/,80000.0,130000.0,руб.,Швея / швея-портной на производство,https://korolev.hh.ru/vacancy/44141993?query=%D1%88%D0%B2%D0%B5%D1%8F
http://hh.ru/,25000.0,27000.0,руб.,Швея,https://korolev.hh.ru/vacancy/44859977?query=%D1%88%D0%B2%D0%B5%D1%8F
http://hh.ru/,,65000.0,руб.,Швея,https://korolev.hh.ru/vacancy/44868679?query=%D1%88%D0%B2%D0%B5%D1%8F
http://hh.ru/,,45000.0,руб.,Швея,https://korolev.hh.ru/vacancy/44627179?query=%D1%88%D0%B2%D0%B5%D1%8F
http://hh.ru/,56000.0,70000.0,руб.,ШВЕЯ,https://korolev.hh.ru/vacancy/44865096?query=%D1%88%D0%B2%D0%B5%D1%8F
http://hh.ru/,,27000.0,руб.,Швея/Швея-ученик,https://korolev.hh.ru/vacancy/44870419?query=%D1%88%D0%B2%D0%B5%D1%8F
http://hh.ru/,37000.0,60000.0,руб.,Швея,https://korolev.hh.ru/vacancy/44791757?query=%D1%88%D0%B2%D0%B5%D1%8F
http://hh.ru/,35000.0,80000.0,руб.,Швея,https://korolev.hh.ru/vacancy/44419795?query=%D1%88%D0%B2%D0%B5%D1%8F
http://hh.ru/,40000.0,70000.0,руб.,Швея,https://korolev.hh.ru/vacancy/44210772?query=%D1%88%D0%B2%D0%B5%D1%8F
http://hh.ru/,,50000.0,руб.,Портной/Швея,https://korolev.hh.ru/vacancy/44632992?query=%D1%88%D0%B2%D0%B5%D1%8F
http://hh.ru/,30000.0,35000.0,руб.,Швея жалюзи,https://korolev.hh.ru/vacancy/44495319?query=%D1%88%D0%B2%D0%B5%D1%8F
http://hh.ru/,40000.0,70000.0,руб.,Швея,https://korolev.hh.ru/vacancy/44733952?query=%D1%88%D0%B2%D0%B5%D1%8F
http://hh.ru/,30000.0,35000.0,руб.,Швея на производство от 30 000,https://korolev.hh.ru/vacancy/42386546?query=%D1%88%D0%B2%D0%B5%D1%8F
http://hh.ru/,30000.0,100000.0,руб.,Швея,https://korolev.hh.ru/vacancy/44069339?query=%D1%88%D0%B2%D0%B5%D1%8F
http://hh.ru/,,70000.0,руб.,Швея,https://korolev.hh.ru/vacancy/44497569?query=%D1%88%D0%B2%D0%B5%D1%8F
http://hh.ru/,50000.0,60000.0,руб.,Швея,https://korolev.hh.ru/vacancy/44010974?query=%D1%88%D0%B2%D0%B5%D1%8F
http://hh.ru/,800.0,1200.0,бел.руб.,Швея-портной,https://korolev.hh.ru/vacancy/44641072?query=%D1%88%D0%B2%D0%B5%D1%8F
http://hh.ru/,40000.0,80000.0,руб.,Швея на производство,https://korolev.hh.ru/vacancy/44174175?query=%D1%88%D0%B2%D0%B5%D1%8F
http://hh.ru/,29000.0,45000.0,руб.,Швея,https://korolev.hh.ru/vacancy/43875782?query=%D1%88%D0%B2%D0%B5%D1%8F
http://hh.ru/,30000.0,50000.0,руб.,Швея,https://korolev.hh.ru/vacancy/44475415?query=%D1%88%D0%B2%D0%B5%D1%8F
http://hh.ru/,,50000.0,руб.,Швея (костюмно-плательная группа),https://korolev.hh.ru/vacancy/44120330?query=%D1%88%D0%B2%D0%B5%D1%8F
http://hh.ru/,,,,Швея,https://korolev.hh.ru/vacancy/43211761?query=%D1%88%D0%B2%D0%B5%D1%8F
http://hh.ru/,38000.0,60000.0,руб.,Швея,https://korolev.hh.ru/vacancy/44789050?query=%D1%88%D0%B2%D0%B5%D1%8F
http://hh.ru/,50000.0,100000.0,руб.,Швея,https://korolev.hh.ru/vacancy/44664323?query=%D1%88%D0%B2%D0%B5%D1%8F
http://hh.ru/,70000.0,90000.0,руб.,Швея-портной/модельер-конструктор,https://korolev.hh.ru/vacancy/44561837?query=%D1%88%D0%B2%D0%B5%D1%8F
http://hh.ru/,50000.0,100000.0,руб.,Швея-портной,https://korolev.hh.ru/vacancy/44272042?query=%D1%88%D0%B2%D0%B5%D1%8F
http://hh.ru/,20000.0,40000.0,руб.,Швея (спецодежда),https://korolev.hh.ru/vacancy/44688601?query=%D1%88%D0%B2%D0%B5%D1%8F
http://hh.ru/,50000.0,60000.0,руб.,Швея,https://korolev.hh.ru/vacancy/44010974?query=%D1%88%D0%B2%D0%B5%D1%8F
http://hh.ru/,40000.0,60000.0,руб.,Ткани мастер/ Помощник мастера (Швея - Портной),https://korolev.hh.ru/vacancy/44495150?query=%D1%88%D0%B2%D0%B5%D1%8F
http://hh.ru/,40000.0,60000.0,руб.,Швея,https://korolev.hh.ru/vacancy/44321730?query=%D1%88%D0%B2%D0%B5%D1%8F
http://hh.ru/,40000.0,100000.0,руб.,Швея,https://korolev.hh.ru/vacancy/44505228?query=%D1%88%D0%B2%D0%B5%D1%8F
http://hh.ru/,,25000.0,руб.,Швея,https://korolev.hh.ru/vacancy/44318195?query=%D1%88%D0%B2%D0%B5%D1%8F
http://hh.ru/,50000.0,100000.0,руб.,Швея,https://korolev.hh.ru/vacancy/44849226?query=%D1%88%D0%B2%D0%B5%D1%8F
http://hh.ru/,40000.0,55000.0,руб.,Швея,https://korolev.hh.ru/vacancy/44564840?query=%D1%88%D0%B2%D0%B5%D1%8F
http://hh.ru/,,27000.0,руб.,Швея на производство,https://korolev.hh.ru/vacancy/44498621?query=%D1%88%D0%B2%D0%B5%D1%8F
http://hh.ru/,30000.0,56000.0,руб.,Швея-портной-мастер по ремонту одежды,https://korolev.hh.ru/vacancy/43469862?query=%D1%88%D0%B2%D0%B5%D1%8F
http://hh.ru/,,32000.0,руб.,Швея-портной,https://korolev.hh.ru/vacancy/40673309?query=%D1%88%D0%B2%D0%B5%D1%8F
http://hh.ru/,38000.0,60000.0,руб.,Швея,https://korolev.hh.ru/vacancy/44789050?query=%D1%88%D0%B2%D0%B5%D1%8F
http://hh.ru/,40000.0,80000.0,руб.,Швея,https://korolev.hh.ru/vacancy/44210770?query=%D1%88%D0%B2%D0%B5%D1%8F
http://hh.ru/,,,,Швея,https://korolev.hh.ru/vacancy/44570752?query=%D1%88%D0%B2%D0%B5%D1%8F
http://hh.ru/,30000.0,40000.0,руб.,Швея,https://korolev.hh.ru/vacancy/44809974?query=%D1%88%D0%B2%D0%B5%D1%8F
http://hh.ru/,39000.0,39000.0,руб.,Швея,https://korolev.hh.ru/vacancy/39948539?query=%D1%88%D0%B2%D0%B5%D1%8F
http://hh.ru/,35000.0,40000.0,руб.,Швея,https://korolev.hh.ru/vacancy/39418273?query=%D1%88%D0%B2%D0%B5%D1%8F
http://hh.ru/,50000.0,65000.0,руб.,Швея в Ателье,https://korolev.hh.ru/vacancy/44803627?query=%D1%88%D0%B2%D0%B5%D1%8F
http://hh.ru/,60000.0,80000.0,руб.,Швея-портной,https://korolev.hh.ru/vacancy/44844483?query=%D1%88%D0%B2%D0%B5%D1%8F
http://hh.ru/,32000.0,32000.0,руб.,Швея,https://korolev.hh.ru/vacancy/44763508?query=%D1%88%D0%B2%D0%B5%D1%8F
http://hh.ru/,35000.0,40000.0,руб.,Швея,https://korolev.hh.ru/vacancy/39418273?query=%D1%88%D0%B2%D0%B5%D1%8F
http://hh.ru/,,54800.0,руб.,Швея,https://korolev.hh.ru/vacancy/44327297?query=%D1%88%D0%B2%D0%B5%D1%8F
http://hh.ru/,,40000.0,руб.,Швея-портной,https://korolev.hh.ru/vacancy/44815406?query=%D1%88%D0%B2%D0%B5%D1%8F
http://hh.ru/,20000.0,35000.0,руб.,Швея-портной,https://korolev.hh.ru/vacancy/44855072?query=%D1%88%D0%B2%D0%B5%D1%8F
http://hh.ru/,,30000.0,руб.,Швея на производство плетенной мебели,https://korolev.hh.ru/vacancy/44741988?query=%D1%88%D0%B2%D0%B5%D1%8F
http://hh.ru/,40000.0,100000.0,руб.,Швея-портной,https://korolev.hh.ru/vacancy/44834563?query=%D1%88%D0%B2%D0%B5%D1%8F
http://hh.ru/,50000.0,60000.0,руб.,Швея-портной,https://korolev.hh.ru/vacancy/44524030?query=%D1%88%D0%B2%D0%B5%D1%8F
http://hh.ru/,50000.0,70000.0,руб.,Швея в производство мебели,https://korolev.hh.ru/vacancy/44424627?query=%D1%88%D0%B2%D0%B5%D1%8F
http://hh.ru/,,,,Швея,https://korolev.hh.ru/vacancy/44100654?query=%D1%88%D0%B2%D0%B5%D1%8F
http://hh.ru/,50000.0,70000.0,руб.,Швея,https://korolev.hh.ru/vacancy/44231506?query=%D1%88%D0%B2%D0%B5%D1%8F
http://hh.ru/,800.0,1000.0,бел.руб.,Вышивальщица (вышивальщик)-швея,https://korolev.hh.ru/vacancy/44339120?query=%D1%88%D0%B2%D0%B5%D1%8F
http://hh.ru/,39000.0,39000.0,руб.,Швея,https://korolev.hh.ru/vacancy/39948539?query=%D1%88%D0%B2%D0%B5%D1%8F
http://hh.ru/,,1100.0,бел.руб.,Швея,https://korolev.hh.ru/vacancy/43518060?query=%D1%88%D0%B2%D0%B5%D1%8F
http://hh.ru/,25000.0,40000.0,руб.,Швея,https://korolev.hh.ru/vacancy/44290383?query=%D1%88%D0%B2%D0%B5%D1%8F
http://hh.ru/,,60000.0,руб.,Швея-портной,https://korolev.hh.ru/vacancy/44755050?query=%D1%88%D0%B2%D0%B5%D1%8F
http://hh.ru/,60000.0,70000.0,руб.,Швея,https://korolev.hh.ru/vacancy/44818325?query=%D1%88%D0%B2%D0%B5%D1%8F
http://hh.ru/,35000.0,40000.0,руб.,Швея-портной,https://korolev.hh.ru/vacancy/44424809?query=%D1%88%D0%B2%D0%B5%D1%8F
http://hh.ru/,,35000.0,руб.,Швея-портной,https://korolev.hh.ru/vacancy/44854438?query=%D1%88%D0%B2%D0%B5%D1%8F
http://hh.ru/,35000.0,45000.0,руб.,Швея-портной,https://korolev.hh.ru/vacancy/44582403?query=%D1%88%D0%B2%D0%B5%D1%8F
http://hh.ru/,35000.0,50000.0,руб.,Швея на производство,https://korolev.hh.ru/vacancy/44847255?query=%D1%88%D0%B2%D0%B5%D1%8F
http://hh.ru/,30000.0,40000.0,руб.,Швея-сборщик,https://korolev.hh.ru/vacancy/44615123?query=%D1%88%D0%B2%D0%B5%D1%8F
http://hh.ru/,50000.0,85000.0,руб.,Швея в швейный цех,https://korolev.hh.ru/vacancy/44840895?query=%D1%88%D0%B2%D0%B5%D1%8F
http://hh.ru/,25000.0,70000.0,руб.,Швея,https://korolev.hh.ru/vacancy/43710279?query=%D1%88%D0%B2%D0%B5%D1%8F
http://hh.ru/,40000.0,50000.0,руб.,Швея-портной,https://korolev.hh.ru/vacancy/44842754?query=%D1%88%D0%B2%D0%B5%D1%8F
http://hh.ru/,20000.0,60000.0,руб.,Швея портной,https://korolev.hh.ru/vacancy/44847611?query=%D1%88%D0%B2%D0%B5%D1%8F
http://hh.ru/,45000.0,90000.0,руб.,Швея,https://korolev.hh.ru/vacancy/44451888?query=%D1%88%D0%B2%D0%B5%D1%8F
http://hh.ru/,20000.0,40000.0,руб.,Швея,https://korolev.hh.ru/vacancy/44867887?query=%D1%88%D0%B2%D0%B5%D1%8F
http://hh.ru/,40000.0,50000.0,руб.,Швея (потайной шов),https://korolev.hh.ru/vacancy/44847236?query=%D1%88%D0%B2%D0%B5%D1%8F
http://hh.ru/,40000.0,70000.0,руб.,Швея на производство,https://korolev.hh.ru/vacancy/44316354?query=%D1%88%D0%B2%D0%B5%D1%8F
http://hh.ru/,800.0,1200.0,бел.руб.,Швея-портной,https://korolev.hh.ru/vacancy/44641072?query=%D1%88%D0%B2%D0%B5%D1%8F
http://hh.ru/,,30000.0,руб.,Швея на производство плетенной мебели,https://korolev.hh.ru/vacancy/44741988?query=%D1%88%D0%B2%D0%B5%D1%8F
http://hh.ru/,,70000.0,руб.,Швея-закройщик,https://korolev.hh.ru/vacancy/44847012?query=%D1%88%D0%B2%D0%B5%D1%8F
http://hh.ru/,50000.0,60000.0,руб.,Швея,https://korolev.hh.ru/vacancy/43977695?query=%D1%88%D0%B2%D0%B5%D1%8F
http://hh.ru/,20000.0,35000.0,руб.,Швея-портной,https://korolev.hh.ru/vacancy/44855072?query=%D1%88%D0%B2%D0%B5%D1%8F
http://hh.ru/,50000.0,90000.0,руб.,Швея-Закройщик,https://korolev.hh.ru/vacancy/44497274?query=%D1%88%D0%B2%D0%B5%D1%8F
http://hh.ru/,55000.0,95000.0,руб.,Швея-портной,https://korolev.hh.ru/vacancy/44441854?query=%D1%88%D0%B2%D0%B5%D1%8F
http://hh.ru/,20000.0,30000.0,руб.,Швея/ученик швеи,https://korolev.hh.ru/vacancy/43641950?query=%D1%88%D0%B2%D0%B5%D1%8F
http://hh.ru/,25000.0,30000.0,руб.,Швея,https://korolev.hh.ru/vacancy/43444167?query=%D1%88%D0%B2%D0%B5%D1%8F
http://hh.ru/,35000.0,40000.0,руб.,Швея-портной,https://korolev.hh.ru/vacancy/44424809?query=%D1%88%D0%B2%D0%B5%D1%8F
http://hh.ru/,,30000.0,руб.,Швея по шторам,https://korolev.hh.ru/vacancy/44507687?query=%D1%88%D0%B2%D0%B5%D1%8F
http://hh.ru/,60000.0,100000.0,руб.,Швея,https://korolev.hh.ru/vacancy/44750911?query=%D1%88%D0%B2%D0%B5%D1%8F
http://hh.ru/,25000.0,35000.0,руб.,Швея-портной,https://korolev.hh.ru/vacancy/44423926?query=%D1%88%D0%B2%D0%B5%D1%8F
http://hh.ru/,35000.0,55000.0,руб.,Швея,https://korolev.hh.ru/vacancy/44854842?query=%D1%88%D0%B2%D0%B5%D1%8F
http://hh.ru/,35000.0,80000.0,руб.,Швея на спецодежду,https://korolev.hh.ru/vacancy/44827670?query=%D1%88%D0%B2%D0%B5%D1%8F
http://hh.ru/,40000.0,70000.0,руб.,Швея на производство,https://korolev.hh.ru/vacancy/44316354?query=%D1%88%D0%B2%D0%B5%D1%8F
http://hh.ru/,800.0,1200.0,бел.руб.,Швея,https://korolev.hh.ru/vacancy/43445050?query=%D1%88%D0%B2%D0%B5%D1%8F
http://hh.ru/,,35000.0,руб.,Швея,https://korolev.hh.ru/vacancy/44488165?query=%D1%88%D0%B2%D0%B5%D1%8F
http://hh.ru/,,60000.0,руб.,Швея-портной,https://korolev.hh.ru/vacancy/44822803?query=%D1%88%D0%B2%D0%B5%D1%8F
http://hh.ru/,,,,Швея-портной,https://korolev.hh.ru/vacancy/44611401?query=%D1%88%D0%B2%D0%B5%D1%8F
http://hh.ru/,20000.0,35000.0,руб.,Швея-портной,https://korolev.hh.ru/vacancy/44862435?query=%D1%88%D0%B2%D0%B5%D1%8F
http://hh.ru/,40000.0,80000.0,руб.,Швея на производство,https://korolev.hh.ru/vacancy/38921624?query=%D1%88%D0%B2%D0%B5%D1%8F
http://hh.ru/,,55000.0,руб.,Швея,https://korolev.hh.ru/vacancy/44688586?query=%D1%88%D0%B2%D0%B5%D1%8F
http://hh.ru/,,50000.0,руб.,Швея на производство,https://korolev.hh.ru/vacancy/44292229?query=%D1%88%D0%B2%D0%B5%D1%8F
http://hh.ru/,20000.0,30000.0,руб.,Швея,https://korolev.hh.ru/vacancy/44178118?query=%D1%88%D0%B2%D0%B5%D1%8F
http://hh.ru/,50000.0,70000.0,руб.,Швея-портной,https://korolev.hh.ru/vacancy/44159236?query=%D1%88%D0%B2%D0%B5%D1%8F
http://hh.ru/,30000.0,80000.0,руб.,Швея,https://korolev.hh.ru/vacancy/44347229?query=%D1%88%D0%B2%D0%B5%D1%8F
http://hh.ru/,45000.0,75000.0,руб.,Швея-портной,https://korolev.hh.ru/vacancy/44845524?query=%D1%88%D0%B2%D0%B5%D1%8F
http://hh.ru/,35000.0,80000.0,руб.,Швея-универсал,https://korolev.hh.ru/vacancy/44660872?query=%D1%88%D0%B2%D0%B5%D1%8F
http://hh.ru/,45000.0,60000.0,руб.,Швея/портной,https://korolev.hh.ru/vacancy/44307433?query=%D1%88%D0%B2%D0%B5%D1%8F
http://hh.ru/,40000.0,45000.0,руб.,Швея-портной,https://korolev.hh.ru/vacancy/44836588?query=%D1%88%D0%B2%D0%B5%D1%8F
http://hh.ru/,,45000.0,руб.,Швея - закройщик женской одежды,https://korolev.hh.ru/vacancy/44433312?query=%D1%88%D0%B2%D0%B5%D1%8F
http://hh.ru/,35000.0,40000.0,руб.,Швея-портной,https://korolev.hh.ru/vacancy/42972655?query=%D1%88%D0%B2%D0%B5%D1%8F
http://hh.ru/,25000.0,70000.0,руб.,Швея,https://korolev.hh.ru/vacancy/43710279?query=%D1%88%D0%B2%D0%B5%D1%8F
http://hh.ru/,,40000.0,руб.,Швея по ремонту одежды,https://korolev.hh.ru/vacancy/44802851?query=%D1%88%D0%B2%D0%B5%D1%8F
http://hh.ru/,700.0,1000.0,бел.руб.,Швея по пошиву спецодежды,https://korolev.hh.ru/vacancy/41680259?query=%D1%88%D0%B2%D0%B5%D1%8F
http://hh.ru/,30000.0,50000.0,руб.,Швея,https://korolev.hh.ru/vacancy/43378934?query=%D1%88%D0%B2%D0%B5%D1%8F
http://hh.ru/,,40000.0,руб.,Швея,https://korolev.hh.ru/vacancy/36853659?query=%D1%88%D0%B2%D0%B5%D1%8F
http://hh.ru/,20000.0,65000.0,руб.,Швея на мебельное производство,https://korolev.hh.ru/vacancy/44396534?query=%D1%88%D0%B2%D0%B5%D1%8F
http://hh.ru/,,60000.0,руб.,Швея-портной,https://korolev.hh.ru/vacancy/44862707?query=%D1%88%D0%B2%D0%B5%D1%8F
http://hh.ru/,35000.0,35000.0,руб.,Швея,https://korolev.hh.ru/vacancy/40152537?query=%D1%88%D0%B2%D0%B5%D1%8F
http://hh.ru/,,30000.0,руб.,Швея-портной,https://korolev.hh.ru/vacancy/44805328?query=%D1%88%D0%B2%D0%B5%D1%8F
http://hh.ru/,,,,Швея массового пошива,https://korolev.hh.ru/vacancy/44842824?query=%D1%88%D0%B2%D0%B5%D1%8F
http://hh.ru/,,37000.0,руб.,"Швея-портной (м. Дубровка, ТРЦ Мозаика)",https://korolev.hh.ru/vacancy/44844996?query=%D1%88%D0%B2%D0%B5%D1%8F
http://hh.ru/,30000.0,45000.0,руб.,Швея-портной в ателье по ремонту одежды,https://korolev.hh.ru/vacancy/44152764?query=%D1%88%D0%B2%D0%B5%D1%8F
http://hh.ru/,40000.0,50000.0,руб.,Швея,https://korolev.hh.ru/vacancy/43254611?query=%D1%88%D0%B2%D0%B5%D1%8F
http://hh.ru/,35000.0,50000.0,руб.,Швея на производство,https://korolev.hh.ru/vacancy/44847255?query=%D1%88%D0%B2%D0%B5%D1%8F
http://hh.ru/,,35000.0,руб.,Швея,https://korolev.hh.ru/vacancy/44770727?query=%D1%88%D0%B2%D0%B5%D1%8F
http://hh.ru/,25000.0,40000.0,руб.,Швея,https://korolev.hh.ru/vacancy/44290384?query=%D1%88%D0%B2%D0%B5%D1%8F
http://hh.ru/,,60000.0,руб.,Швея,https://korolev.hh.ru/vacancy/43709582?query=%D1%88%D0%B2%D0%B5%D1%8F
http://hh.ru/,,40000.0,руб.,Швея-портной,https://korolev.hh.ru/vacancy/44868986?query=%D1%88%D0%B2%D0%B5%D1%8F
http://hh.ru/,,40000.0,руб.,Швея,https://korolev.hh.ru/vacancy/41830568?query=%D1%88%D0%B2%D0%B5%D1%8F
http://hh.ru/,60000.0,80000.0,руб.,Швея,https://korolev.hh.ru/vacancy/44229871?query=%D1%88%D0%B2%D0%B5%D1%8F
http://hh.ru/,,35000.0,руб.,Швея на производство,https://korolev.hh.ru/vacancy/42368625?query=%D1%88%D0%B2%D0%B5%D1%8F
http://hh.ru/,,40000.0,руб.,Швея 3-5 разряда,https://korolev.hh.ru/vacancy/40531661?query=%D1%88%D0%B2%D0%B5%D1%8F
http://hh.ru/,,,,Портной/швея,https://korolev.hh.ru/vacancy/44677377?query=%D1%88%D0%B2%D0%B5%D1%8F
http://hh.ru/,,20000.0,руб.,Швея,https://korolev.hh.ru/vacancy/44778430?query=%D1%88%D0%B2%D0%B5%D1%8F
http://hh.ru/,,28000.0,руб.,Швея,https://korolev.hh.ru/vacancy/44205070?query=%D1%88%D0%B2%D0%B5%D1%8F
http://hh.ru/,45000.0,55000.0,руб.,Швея на кожгалантерейную фабрику,https://korolev.hh.ru/vacancy/44159484?query=%D1%88%D0%B2%D0%B5%D1%8F
http://hh.ru/,,40000.0,руб.,Швея,https://korolev.hh.ru/vacancy/43103455?query=%D1%88%D0%B2%D0%B5%D1%8F
http://hh.ru/,,45000.0,руб.,Швея,https://korolev.hh.ru/vacancy/44785450?query=%D1%88%D0%B2%D0%B5%D1%8F
http://hh.ru/,60000.0,120000.0,руб.,Мастер по ремонту одежды/портной/швея,https://korolev.hh.ru/vacancy/44290789?query=%D1%88%D0%B2%D0%B5%D1%8F
http://hh.ru/,50000.0,70000.0,руб.,Швея-портной,https://korolev.hh.ru/vacancy/44761486?query=%D1%88%D0%B2%D0%B5%D1%8F
http://hh.ru/,,,,Швея,https://korolev.hh.ru/vacancy/44734676?query=%D1%88%D0%B2%D0%B5%D1%8F
http://hh.ru/,,47000.0,руб.,Швея-Закройщик по мягкой мебели,https://korolev.hh.ru/vacancy/44849826?query=%D1%88%D0%B2%D0%B5%D1%8F
http://hh.ru/,600.0,1100.0,бел.руб.,Швея,https://korolev.hh.ru/vacancy/44317957?query=%D1%88%D0%B2%D0%B5%D1%8F
http://hh.ru/,,45000.0,руб.,Швея,https://korolev.hh.ru/vacancy/44483947?query=%D1%88%D0%B2%D0%B5%D1%8F
http://hh.ru/,,40000.0,руб.,Швея,https://korolev.hh.ru/vacancy/38577931?query=%D1%88%D0%B2%D0%B5%D1%8F
http://hh.ru/,,,,Швея,https://korolev.hh.ru/vacancy/40701778?query=%D1%88%D0%B2%D0%B5%D1%8F
http://hh.ru/,,,,Швея-портной,https://korolev.hh.ru/vacancy/44771294?query=%D1%88%D0%B2%D0%B5%D1%8F
http://hh.ru/,30000.0,35000.0,руб.,Швея на производство,https://korolev.hh.ru/vacancy/44183293?query=%D1%88%D0%B2%D0%B5%D1%8F
http://hh.ru/,,24000.0,руб.,Швея,https://korolev.hh.ru/vacancy/44728860?query=%D1%88%D0%B2%D0%B5%D1%8F
http://hh.ru/,30000.0,50000.0,руб.,Швея,https://korolev.hh.ru/vacancy/44681254?query=%D1%88%D0%B2%D0%B5%D1%8F
http://hh.ru/,20000.0,26000.0,руб.,Швея (ученик),https://korolev.hh.ru/vacancy/41770782?query=%D1%88%D0%B2%D0%B5%D1%8F
http://hh.ru/,,35000.0,руб.,Швея,https://korolev.hh.ru/vacancy/44603432?query=%D1%88%D0%B2%D0%B5%D1%8F
http://hh.ru/,,25000.0,руб.,Швея,https://korolev.hh.ru/vacancy/39143778?query=%D1%88%D0%B2%D0%B5%D1%8F
http://hh.ru/,20000.0,30000.0,руб.,Швея,https://korolev.hh.ru/vacancy/44731861?query=%D1%88%D0%B2%D0%B5%D1%8F
http://hh.ru/,40000.0,50000.0,руб.,Швея-проработчик (швейное производство) / портной,https://korolev.hh.ru/vacancy/43994013?query=%D1%88%D0%B2%D0%B5%D1%8F
http://hh.ru/,23000.0,24000.0,руб.,Швея,https://korolev.hh.ru/vacancy/44858538?query=%D1%88%D0%B2%D0%B5%D1%8F
http://hh.ru/,,30000.0,руб.,Швея на производство спецодежды,https://korolev.hh.ru/vacancy/44290381?query=%D1%88%D0%B2%D0%B5%D1%8F
http://hh.ru/,,,,Швея,https://korolev.hh.ru/vacancy/44728435?query=%D1%88%D0%B2%D0%B5%D1%8F
http://hh.ru/,40000.0,80000.0,руб.,Кеттельщица/Кеттельщик (швея),https://korolev.hh.ru/vacancy/44850972?query=%D1%88%D0%B2%D0%B5%D1%8F
http://hh.ru/,20000.0,30000.0,руб.,Швея-портной,https://korolev.hh.ru/vacancy/43931906?query=%D1%88%D0%B2%D0%B5%D1%8F
http://hh.ru/,50000.0,60000.0,руб.,Швея,https://korolev.hh.ru/vacancy/44629627?query=%D1%88%D0%B2%D0%B5%D1%8F
http://hh.ru/,18000.0,25000.0,руб.,Швея (производство женской одежды),https://korolev.hh.ru/vacancy/44613871?query=%D1%88%D0%B2%D0%B5%D1%8F
http://hh.ru/,,65000.0,руб.,Швея-портной,https://korolev.hh.ru/vacancy/43833439?query=%D1%88%D0%B2%D0%B5%D1%8F
http://hh.ru/,,60000.0,руб.,Швея/Портной-универсал,https://korolev.hh.ru/vacancy/44537674?query=%D1%88%D0%B2%D0%B5%D1%8F
http://hh.ru/,,30000.0,руб.,Швея-портной INDEVER,https://korolev.hh.ru/vacancy/44032503?query=%D1%88%D0%B2%D0%B5%D1%8F
http://hh.ru/,34000.0,36200.0,руб.,Швея,https://korolev.hh.ru/vacancy/42798704?query=%D1%88%D0%B2%D0%B5%D1%8F
http://hh.ru/,,50000.0,руб.,Швея-портной,https://korolev.hh.ru/vacancy/44303739?query=%D1%88%D0%B2%D0%B5%D1%8F
http://hh.ru/,20000.0,40000.0,руб.,Портной/швея,https://korolev.hh.ru/vacancy/44811535?query=%D1%88%D0%B2%D0%B5%D1%8F
http://hh.ru/,,25000.0,руб.,Швея,https://korolev.hh.ru/vacancy/42740957?query=%D1%88%D0%B2%D0%B5%D1%8F
http://hh.ru/,,,,Швея-портной,https://korolev.hh.ru/vacancy/44599624?query=%D1%88%D0%B2%D0%B5%D1%8F
http://hh.ru/,,50000.0,руб.,Швея,https://korolev.hh.ru/vacancy/44727122?query=%D1%88%D0%B2%D0%B5%D1%8F
http://hh.ru/,36500.0,55000.0,руб.,Швея-портной,https://korolev.hh.ru/vacancy/40979746?query=%D1%88%D0%B2%D0%B5%D1%8F
http://hh.ru/,,6000.0,руб.,Швея,https://korolev.hh.ru/vacancy/44709314?query=%D1%88%D0%B2%D0%B5%D1%8F
http://hh.ru/,,30000.0,руб.,Швея-портной,https://korolev.hh.ru/vacancy/44805328?query=%D1%88%D0%B2%D0%B5%D1%8F
http://hh.ru/,,,,Швея,https://korolev.hh.ru/vacancy/44728435?query=%D1%88%D0%B2%D0%B5%D1%8F
http://hh.ru/,,30000.0,руб.,Швея-портной,https://korolev.hh.ru/vacancy/44760191?query=%D1%88%D0%B2%D0%B5%D1%8F
http://hh.ru/,40000.0,45000.0,руб.,Швея-портной,https://korolev.hh.ru/vacancy/44836588?query=%D1%88%D0%B2%D0%B5%D1%8F
http://hh.ru/,,24000.0,руб.,Швея,https://korolev.hh.ru/vacancy/44728860?query=%D1%88%D0%B2%D0%B5%D1%8F
http://hh.ru/,30000.0,40000.0,руб.,Швея,https://korolev.hh.ru/vacancy/44847789?query=%D1%88%D0%B2%D0%B5%D1%8F
http://hh.ru/,30000.0,40000.0,руб.,Швея-портной,https://korolev.hh.ru/vacancy/44773894?query=%D1%88%D0%B2%D0%B5%D1%8F
http://hh.ru/,,850.0,бел.руб.,Швея,https://korolev.hh.ru/vacancy/39997863?query=%D1%88%D0%B2%D0%B5%D1%8F
http://hh.ru/,50000.0,100000.0,руб.,Швея (бренд одежды),https://korolev.hh.ru/vacancy/44161795?query=%D1%88%D0%B2%D0%B5%D1%8F
http://hh.ru/,60000.0,100000.0,руб.,Швея,https://korolev.hh.ru/vacancy/44721864?query=%D1%88%D0%B2%D0%B5%D1%8F
http://hh.ru/,,35000.0,руб.,Швея,https://korolev.hh.ru/vacancy/43760383?query=%D1%88%D0%B2%D0%B5%D1%8F
http://hh.ru/,40000.0,60000.0,руб.,Швея,https://korolev.hh.ru/vacancy/44747828?query=%D1%88%D0%B2%D0%B5%D1%8F
http://hh.ru/,20000.0,35000.0,руб.,Швея-портной,https://korolev.hh.ru/vacancy/44862435?query=%D1%88%D0%B2%D0%B5%D1%8F
http://hh.ru/,27000.0,45000.0,руб.,Швея,https://korolev.hh.ru/vacancy/44781387?query=%D1%88%D0%B2%D0%B5%D1%8F
http://hh.ru/,,,,Швея - ученик,https://korolev.hh.ru/vacancy/40701796?query=%D1%88%D0%B2%D0%B5%D1%8F
http://hh.ru/,,35000.0,руб.,Швея-портной на производство,https://korolev.hh.ru/vacancy/44716231?query=%D1%88%D0%B2%D0%B5%D1%8F
http://hh.ru/,,60000.0,руб.,Швея в трикотажный цех,https://korolev.hh.ru/vacancy/38653942?query=%D1%88%D0%B2%D0%B5%D1%8F
http://hh.ru/,,45000.0,руб.,Швея-портной,https://korolev.hh.ru/vacancy/44708511?query=%D1%88%D0%B2%D0%B5%D1%8F
http://hh.ru/,,,,Швея-портной,https://korolev.hh.ru/vacancy/42596427?query=%D1%88%D0%B2%D0%B5%D1%8F
http://hh.ru/,,35000.0,руб.,Швея (с. Кочубеевское),https://korolev.hh.ru/vacancy/43760896?query=%D1%88%D0%B2%D0%B5%D1%8F
http://hh.ru/,,,,Швея-портной,https://korolev.hh.ru/vacancy/44751676?query=%D1%88%D0%B2%D0%B5%D1%8F
http://hh.ru/,130000.0,160000.0,KZT,Швея (реконструктор одежды),https://korolev.hh.ru/vacancy/42946349?query=%D1%88%D0%B2%D0%B5%D1%8F
http://hh.ru/,,80000.0,руб.,Швея,https://korolev.hh.ru/vacancy/44669323?query=%D1%88%D0%B2%D0%B5%D1%8F
http://hh.ru/,,35000.0,руб.,Швея,https://korolev.hh.ru/vacancy/43760383?query=%D1%88%D0%B2%D0%B5%D1%8F
http://hh.ru/,30000.0,50000.0,руб.,Швея,https://korolev.hh.ru/vacancy/44681254?query=%D1%88%D0%B2%D0%B5%D1%8F
http://hh.ru/,40000.0,60000.0,руб.,Швея,https://korolev.hh.ru/vacancy/44747828?query=%D1%88%D0%B2%D0%B5%D1%8F
http://hh.ru/,70000.0,110000.0,руб.,Швея,https://korolev.hh.ru/vacancy/44715121?query=%D1%88%D0%B2%D0%B5%D1%8F
http://hh.ru/,50000.0,100000.0,руб.,Швея-портной,https://korolev.hh.ru/vacancy/44647276?query=%D1%88%D0%B2%D0%B5%D1%8F
http://hh.ru/,,55000.0,руб.,Швея,https://korolev.hh.ru/vacancy/44687376?query=%D1%88%D0%B2%D0%B5%D1%8F
http://hh.ru/,,40000.0,руб.,Швея,https://korolev.hh.ru/vacancy/43609804?query=%D1%88%D0%B2%D0%B5%D1%8F
http://hh.ru/,35000.0,70000.0,руб.,Швея,https://korolev.hh.ru/vacancy/44672000?query=%D1%88%D0%B2%D0%B5%D1%8F
http://hh.ru/,,65000.0,руб.,Швея мягкой мебели,https://korolev.hh.ru/vacancy/44838557?query=%D1%88%D0%B2%D0%B5%D1%8F
http://hh.ru/,,30000.0,руб.,Швея-закройщик,https://korolev.hh.ru/vacancy/44335055?query=%D1%88%D0%B2%D0%B5%D1%8F
http://hh.ru/,50000.0,70000.0,руб.,Швея-портной,https://korolev.hh.ru/vacancy/44701842?query=%D1%88%D0%B2%D0%B5%D1%8F
http://hh.ru/,50000.0,80000.0,руб.,Швея-портной,https://korolev.hh.ru/vacancy/44767319?query=%D1%88%D0%B2%D0%B5%D1%8F
http://hh.ru/,,,,Швея,https://korolev.hh.ru/vacancy/44639190?query=%D1%88%D0%B2%D0%B5%D1%8F
http://hh.ru/,,30000.0,руб.,Швея-портной,https://korolev.hh.ru/vacancy/44043846?query=%D1%88%D0%B2%D0%B5%D1%8F
http://hh.ru/,,18000.0,руб.,Швея,https://korolev.hh.ru/vacancy/44791451?query=%D1%88%D0%B2%D0%B5%D1%8F
http://hh.ru/,38000.0,55000.0,руб.,Швея-закройщик,https://korolev.hh.ru/vacancy/44537474?query=%D1%88%D0%B2%D0%B5%D1%8F
http://hh.ru/,20000.0,40000.0,руб.,Сборщик обуви (швея),https://korolev.hh.ru/vacancy/43926189?query=%D1%88%D0%B2%D0%B5%D1%8F
http://hh.ru/,30000.0,50000.0,руб.,Швея-портной,https://korolev.hh.ru/vacancy/44680879?query=%D1%88%D0%B2%D0%B5%D1%8F
http://hh.ru/,,50000.0,руб.,Швея-закройщица/Швея-закройщик,https://korolev.hh.ru/vacancy/44747832?query=%D1%88%D0%B2%D0%B5%D1%8F
http://hh.ru/,,40000.0,руб.,Швея-портной,https://korolev.hh.ru/vacancy/44762542?query=%D1%88%D0%B2%D0%B5%D1%8F
http://hh.ru/,,35000.0,руб.,Швея-портной по пошиву трикотажных изделий,https://korolev.hh.ru/vacancy/44646521?query=%D1%88%D0%B2%D0%B5%D1%8F
http://hh.ru/,,50000.0,руб.,Швея-портной,https://korolev.hh.ru/vacancy/44681763?query=%D1%88%D0%B2%D0%B5%D1%8F
http://hh.ru/,20000.0,30000.0,руб.,Швея / Ученик швеи,https://korolev.hh.ru/vacancy/38671863?query=%D1%88%D0%B2%D0%B5%D1%8F
http://hh.ru/,,30000.0,руб.,Швея,https://korolev.hh.ru/vacancy/44714459?query=%D1%88%D0%B2%D0%B5%D1%8F
http://hh.ru/,,30000.0,руб.,Швея,https://korolev.hh.ru/vacancy/44777086?query=%D1%88%D0%B2%D0%B5%D1%8F
http://hh.ru/,,800.0,бел.руб.,Швея-портной,https://korolev.hh.ru/vacancy/43701981?query=%D1%88%D0%B2%D0%B5%D1%8F
http://hh.ru/,25000.0,40000.0,руб.,Швея на производство,https://korolev.hh.ru/vacancy/44822185?query=%D1%88%D0%B2%D0%B5%D1%8F
http://hh.ru/,70000.0,80000.0,руб.,Швея,https://korolev.hh.ru/vacancy/44766282?query=%D1%88%D0%B2%D0%B5%D1%8F
http://hh.ru/,30000.0,70000.0,руб.,Швея универсал портной,https://korolev.hh.ru/vacancy/43704719?query=%D1%88%D0%B2%D0%B5%D1%8F
http://hh.ru/,,40000.0,руб.,Швея,https://korolev.hh.ru/vacancy/44655073?query=%D1%88%D0%B2%D0%B5%D1%8F
http://hh.ru/,,100000.0,руб.,Швея/Швей,https://korolev.hh.ru/vacancy/44639659?query=%D1%88%D0%B2%D0%B5%D1%8F
http://hh.ru/,,25000.0,руб.,Швея,https://korolev.hh.ru/vacancy/40495143?query=%D1%88%D0%B2%D0%B5%D1%8F
http://hh.ru/,,,,Швея,https://korolev.hh.ru/vacancy/44639192?query=%D1%88%D0%B2%D0%B5%D1%8F
http://hh.ru/,40000.0,60000.0,руб.,Швея-портной,https://korolev.hh.ru/vacancy/44726180?query=%D1%88%D0%B2%D0%B5%D1%8F
http://hh.ru/,40000.0,90000.0,руб.,Швея,https://korolev.hh.ru/vacancy/43839396?query=%D1%88%D0%B2%D0%B5%D1%8F
http://hh.ru/,,,,Швея,https://korolev.hh.ru/vacancy/44639195?query=%D1%88%D0%B2%D0%B5%D1%8F
http://hh.ru/,,55000.0,руб.,Швея,https://korolev.hh.ru/vacancy/44652075?query=%D1%88%D0%B2%D0%B5%D1%8F
http://hh.ru/,21500.0,45000.0,руб.,Швея-закройщик (ученик),https://korolev.hh.ru/vacancy/44656603?query=%D1%88%D0%B2%D0%B5%D1%8F
http://hh.ru/,,15000.0,руб.,Швея-портной,https://korolev.hh.ru/vacancy/44611405?query=%D1%88%D0%B2%D0%B5%D1%8F
http://hh.ru/,,,,Швея,https://korolev.hh.ru/vacancy/44639194?query=%D1%88%D0%B2%D0%B5%D1%8F
http://hh.ru/,,,,Швея,https://korolev.hh.ru/vacancy/44639196?query=%D1%88%D0%B2%D0%B5%D1%8F
http://hh.ru/,,40000.0,руб.,Швея на производство,https://korolev.hh.ru/vacancy/44619316?query=%D1%88%D0%B2%D0%B5%D1%8F
http://hh.ru/,40000.0,55000.0,руб.,Швея,https://korolev.hh.ru/vacancy/44654997?query=%D1%88%D0%B2%D0%B5%D1%8F
http://hh.ru/,25000.0,40000.0,руб.,Швея,https://korolev.hh.ru/vacancy/44242836?query=%D1%88%D0%B2%D0%B5%D1%8F
http://hh.ru/,27000.0,45000.0,руб.,Швея,https://korolev.hh.ru/vacancy/44781387?query=%D1%88%D0%B2%D0%B5%D1%8F
http://hh.ru/,35000.0,40000.0,руб.,Швея (текстильные стропы),https://korolev.hh.ru/vacancy/43683697?query=%D1%88%D0%B2%D0%B5%D1%8F
http://hh.ru/,800.0,1200.0,бел.руб.,"Швея (ул. Володарского, 112)",https://korolev.hh.ru/vacancy/43445091?query=%D1%88%D0%B2%D0%B5%D1%8F
http://hh.ru/,25000.0,40000.0,руб.,Швея,https://korolev.hh.ru/vacancy/44314796?query=%D1%88%D0%B2%D0%B5%D1%8F
http://hh.ru/,80000.0,100000.0,руб.,Швея-портной,https://korolev.hh.ru/vacancy/44607092?query=%D1%88%D0%B2%D0%B5%D1%8F
http://hh.ru/,20000.0,30000.0,руб.,Ученик швеи/швея,https://korolev.hh.ru/vacancy/40694871?query=%D1%88%D0%B2%D0%B5%D1%8F
http://hh.ru/,,45000.0,руб.,Швея,https://korolev.hh.ru/vacancy/41854931?query=%D1%88%D0%B2%D0%B5%D1%8F
http://hh.ru/,,25000.0,руб.,Швея-портной,https://korolev.hh.ru/vacancy/44634564?query=%D1%88%D0%B2%D0%B5%D1%8F
http://hh.ru/,,,,Швея,https://korolev.hh.ru/vacancy/44639196?query=%D1%88%D0%B2%D0%B5%D1%8F
http://hh.ru/,,20000.0,руб.,Швея,https://korolev.hh.ru/vacancy/44648515?query=%D1%88%D0%B2%D0%B5%D1%8F
http://hh.ru/,70000.0,80000.0,руб.,Швея,https://korolev.hh.ru/vacancy/44766282?query=%D1%88%D0%B2%D0%B5%D1%8F
http://hh.ru/,,1200.0,бел.руб.,Швея-портной,https://korolev.hh.ru/vacancy/44871473?query=%D1%88%D0%B2%D0%B5%D1%8F
http://hh.ru/,,25000.0,руб.,Швея,https://korolev.hh.ru/vacancy/44634571?query=%D1%88%D0%B2%D0%B5%D1%8F
http://hh.ru/,,850.0,бел.руб.,Швея,https://korolev.hh.ru/vacancy/39924866?query=%D1%88%D0%B2%D0%B5%D1%8F
http://hh.ru/,45000.0,80000.0,руб.,Швея,https://korolev.hh.ru/vacancy/37546511?query=%D1%88%D0%B2%D0%B5%D1%8F
http://hh.ru/,,,,Швея,https://korolev.hh.ru/vacancy/44639192?query=%D1%88%D0%B2%D0%B5%D1%8F
http://hh.ru/,,25000.0,руб.,Швея-портной,https://korolev.hh.ru/vacancy/44811677?query=%D1%88%D0%B2%D0%B5%D1%8F
http://hh.ru/,,,,Швея,https://korolev.hh.ru/vacancy/44639199?query=%D1%88%D0%B2%D0%B5%D1%8F
http://hh.ru/,50000.0,60000.0,руб.,Швея,https://korolev.hh.ru/vacancy/44594772?query=%D1%88%D0%B2%D0%B5%D1%8F
http://hh.ru/,40000.0,40000.0,руб.,Швея,https://korolev.hh.ru/vacancy/43271456?query=%D1%88%D0%B2%D0%B5%D1%8F
http://hh.ru/,,40000.0,руб.,Швея (производственная фабрика),https://korolev.hh.ru/vacancy/44647587?query=%D1%88%D0%B2%D0%B5%D1%8F
http://hh.ru/,,,,Швея,https://korolev.hh.ru/vacancy/44639194?query=%D1%88%D0%B2%D0%B5%D1%8F
http://hh.ru/,50000.0,60000.0,руб.,Швея,https://korolev.hh.ru/vacancy/44594776?query=%D1%88%D0%B2%D0%B5%D1%8F
http://hh.ru/,,,,Швея,https://korolev.hh.ru/vacancy/44167333?query=%D1%88%D0%B2%D0%B5%D1%8F
http://hh.ru/,,,,Швея,https://korolev.hh.ru/vacancy/44639193?query=%D1%88%D0%B2%D0%B5%D1%8F
http://hh.ru/,55000.0,100000.0,руб.,Швея,https://korolev.hh.ru/vacancy/44589063?query=%D1%88%D0%B2%D0%B5%D1%8F
http://hh.ru/,,28000.0,руб.,Швея-портной,https://korolev.hh.ru/vacancy/44684661?query=%D1%88%D0%B2%D0%B5%D1%8F
http://hh.ru/,,50000.0,руб.,Швея,https://korolev.hh.ru/vacancy/44497235?query=%D1%88%D0%B2%D0%B5%D1%8F
http://hh.ru/,25000.0,40000.0,руб.,Швея на производство,https://korolev.hh.ru/vacancy/44593695?query=%D1%88%D0%B2%D0%B5%D1%8F
http://hh.ru/,30000.0,35000.0,руб.,Швея-портной,https://korolev.hh.ru/vacancy/44607262?query=%D1%88%D0%B2%D0%B5%D1%8F
http://hh.ru/,,45000.0,руб.,Швея,https://korolev.hh.ru/vacancy/44700302?query=%D1%88%D0%B2%D0%B5%D1%8F
http://hh.ru/,18000.0,42000.0,руб.,Швея,https://korolev.hh.ru/vacancy/39022758?query=%D1%88%D0%B2%D0%B5%D1%8F
http://hh.ru/,,,,Швея,https://korolev.hh.ru/vacancy/44685209?query=%D1%88%D0%B2%D0%B5%D1%8F
http://hh.ru/,27000.0,40000.0,руб.,Швея на карманы,https://korolev.hh.ru/vacancy/44516617?query=%D1%88%D0%B2%D0%B5%D1%8F
http://hh.ru/,,24000.0,руб.,Швея,https://korolev.hh.ru/vacancy/40949321?query=%D1%88%D0%B2%D0%B5%D1%8F
http://hh.ru/,,,,Швея-портной,https://korolev.hh.ru/vacancy/44563966?query=%D1%88%D0%B2%D0%B5%D1%8F
http://hh.ru/,30000.0,50000.0,руб.,Швея,https://korolev.hh.ru/vacancy/44609387?query=%D1%88%D0%B2%D0%B5%D1%8F
http://hh.ru/,,28000.0,руб.,Швея на производство,https://korolev.hh.ru/vacancy/44585369?query=%D1%88%D0%B2%D0%B5%D1%8F
http://hh.ru/,27000.0,27000.0,руб.,Швея - закройщик,https://korolev.hh.ru/vacancy/44516226?query=%D1%88%D0%B2%D0%B5%D1%8F
http://hh.ru/,,18000.0,грн.,Швея,https://korolev.hh.ru/vacancy/43891788?query=%D1%88%D0%B2%D0%B5%D1%8F
http://hh.ru/,20000.0,38000.0,руб.,Швея,https://korolev.hh.ru/vacancy/43790691?query=%D1%88%D0%B2%D0%B5%D1%8F
http://hh.ru/,70000.0,100000.0,руб.,Швея,https://korolev.hh.ru/vacancy/44496095?query=%D1%88%D0%B2%D0%B5%D1%8F
http://hh.ru/,,40000.0,руб.,Швея/портной в трикотажный цех,https://korolev.hh.ru/vacancy/44113921?query=%D1%88%D0%B2%D0%B5%D1%8F
http://hh.ru/,,30000.0,руб.,Швея,https://korolev.hh.ru/vacancy/40237916?query=%D1%88%D0%B2%D0%B5%D1%8F
http://hh.ru/,,30000.0,руб.,Швея трикотажных изделий,https://korolev.hh.ru/vacancy/40859242?query=%D1%88%D0%B2%D0%B5%D1%8F
http://hh.ru/,,,,Швея,https://korolev.hh.ru/vacancy/44603872?query=%D1%88%D0%B2%D0%B5%D1%8F
http://hh.ru/,,,,Швея,https://korolev.hh.ru/vacancy/44730333?query=%D1%88%D0%B2%D0%B5%D1%8F
http://hh.ru/,,25000.0,руб.,Швея (проспект Гагарина),https://korolev.hh.ru/vacancy/41579762?query=%D1%88%D0%B2%D0%B5%D1%8F
http://hh.ru/,,,,Швея-портной,https://korolev.hh.ru/vacancy/44536941?query=%D1%88%D0%B2%D0%B5%D1%8F
http://hh.ru/,40000.0,50000.0,руб.,Швея,https://korolev.hh.ru/vacancy/44723201?query=%D1%88%D0%B2%D0%B5%D1%8F
http://hh.ru/,45000.0,55000.0,руб.,Швея универсал,https://korolev.hh.ru/vacancy/44681524?query=%D1%88%D0%B2%D0%B5%D1%8F
http://hh.ru/,,36000.0,руб.,Швея-портной,https://korolev.hh.ru/vacancy/42409200?query=%D1%88%D0%B2%D0%B5%D1%8F
http://hh.ru/,18000.0,30000.0,руб.,Швея на заготовки,https://korolev.hh.ru/vacancy/44515854?query=%D1%88%D0%B2%D0%B5%D1%8F
http://hh.ru/,,1200.0,бел.руб.,Швея по перетяжке мебели,https://korolev.hh.ru/vacancy/44644211?query=%D1%88%D0%B2%D0%B5%D1%8F
http://hh.ru/,50000.0,60000.0,руб.,Швея,https://korolev.hh.ru/vacancy/44594774?query=%D1%88%D0%B2%D0%B5%D1%8F
http://hh.ru/,55000.0,120000.0,руб.,Швея,https://korolev.hh.ru/vacancy/44573388?query=%D1%88%D0%B2%D0%B5%D1%8F
http://hh.ru/,40000.0,50000.0,руб.,Швея-портной,https://korolev.hh.ru/vacancy/44370304?query=%D1%88%D0%B2%D0%B5%D1%8F
http://hh.ru/,,70000.0,руб.,Швея,https://korolev.hh.ru/vacancy/42964808?query=%D1%88%D0%B2%D0%B5%D1%8F
http://hh.ru/,40000.0,55000.0,руб.,Швея-портной,https://korolev.hh.ru/vacancy/44538268?query=%D1%88%D0%B2%D0%B5%D1%8F
http://hh.ru/,,23000.0,руб.,Швея,https://korolev.hh.ru/vacancy/44759130?query=%D1%88%D0%B2%D0%B5%D1%8F
http://hh.ru/,,35000.0,руб.,Швея-портной,https://korolev.hh.ru/vacancy/44664579?query=%D1%88%D0%B2%D0%B5%D1%8F
http://hh.ru/,50000.0,60000.0,руб.,Швея,https://korolev.hh.ru/vacancy/44594770?query=%D1%88%D0%B2%D0%B5%D1%8F
http://hh.ru/,,,,Швея в г. Краснодар,https://korolev.hh.ru/vacancy/44469679?query=%D1%88%D0%B2%D0%B5%D1%8F
http://hh.ru/,45000.0,100000.0,руб.,Швея,https://korolev.hh.ru/vacancy/39957013?query=%D1%88%D0%B2%D0%B5%D1%8F
http://hh.ru/,18000.0,30000.0,руб.,Швея,https://korolev.hh.ru/vacancy/44471908?query=%D1%88%D0%B2%D0%B5%D1%8F
http://hh.ru/,25000.0,30000.0,руб.,Швея-портной,https://korolev.hh.ru/vacancy/44249711?query=%D1%88%D0%B2%D0%B5%D1%8F
http://hh.ru/,,50000.0,руб.,Швея,https://korolev.hh.ru/vacancy/42331179?query=%D1%88%D0%B2%D0%B5%D1%8F
http://hh.ru/,,,,Мастер по ремонту одежды/швея,https://korolev.hh.ru/vacancy/44333962?query=%D1%88%D0%B2%D0%B5%D1%8F
http://hh.ru/,,23150.0,руб.,Швея,https://korolev.hh.ru/vacancy/44764119?query=%D1%88%D0%B2%D0%B5%D1%8F
http://hh.ru/,30000.0,50000.0,руб.,Швея-портной,https://korolev.hh.ru/vacancy/44457967?query=%D1%88%D0%B2%D0%B5%D1%8F
http://hh.ru/,24000.0,55000.0,руб.,Швея-портной,https://korolev.hh.ru/vacancy/44546290?query=%D1%88%D0%B2%D0%B5%D1%8F
http://hh.ru/,,70000.0,руб.,Швея,https://korolev.hh.ru/vacancy/42964814?query=%D1%88%D0%B2%D0%B5%D1%8F
http://hh.ru/,,,,Швея-портной,https://korolev.hh.ru/vacancy/44559737?query=%D1%88%D0%B2%D0%B5%D1%8F
http://hh.ru/,45000.0,100000.0,руб.,Швея,https://korolev.hh.ru/vacancy/39957012?query=%D1%88%D0%B2%D0%B5%D1%8F
http://hh.ru/,,,,Швея-портной,https://korolev.hh.ru/vacancy/44462801?query=%D1%88%D0%B2%D0%B5%D1%8F
http://hh.ru/,,35000.0,руб.,Швея,https://korolev.hh.ru/vacancy/44589483?query=%D1%88%D0%B2%D0%B5%D1%8F
http://hh.ru/,40000.0,40000.0,руб.,Швея,https://korolev.hh.ru/vacancy/43271456?query=%D1%88%D0%B2%D0%B5%D1%8F
http://hh.ru/,30000.0,50000.0,руб.,Швея-портной,https://korolev.hh.ru/vacancy/44457961?query=%D1%88%D0%B2%D0%B5%D1%8F
http://hh.ru/,35000.0,60000.0,руб.,Швея-портной,https://korolev.hh.ru/vacancy/44282294?query=%D1%88%D0%B2%D0%B5%D1%8F
http://hh.ru/,,28000.0,руб.,Швея на производство,https://korolev.hh.ru/vacancy/44585372?query=%D1%88%D0%B2%D0%B5%D1%8F
http://hh.ru/,30000.0,55000.0,руб.,Швея-портной,https://korolev.hh.ru/vacancy/44558836?query=%D1%88%D0%B2%D0%B5%D1%8F
http://hh.ru/,20000.0,35000.0,руб.,Швея (трикотаж),https://korolev.hh.ru/vacancy/39169280?query=%D1%88%D0%B2%D0%B5%D1%8F
http://hh.ru/,,1000.0,бел.руб.,Швея-портной,https://korolev.hh.ru/vacancy/44613593?query=%D1%88%D0%B2%D0%B5%D1%8F
http://hh.ru/,1000.0,1500.0,бел.руб.,Швея,https://korolev.hh.ru/vacancy/44238958?query=%D1%88%D0%B2%D0%B5%D1%8F
http://hh.ru/,,200000.0,KZT,Швея-портной,https://korolev.hh.ru/vacancy/43677782?query=%D1%88%D0%B2%D0%B5%D1%8F
http://hh.ru/,,35000.0,руб.,Швея-портной экспериментального бюро (Пошив стильной женской одежды),https://korolev.hh.ru/vacancy/44604319?query=%D1%88%D0%B2%D0%B5%D1%8F
http://hh.ru/,,20000.0,руб.,Швея,https://korolev.hh.ru/vacancy/44454211?query=%D1%88%D0%B2%D0%B5%D1%8F
http://hh.ru/,,50000.0,руб.,Швея-универсал,https://korolev.hh.ru/vacancy/44453377?query=%D1%88%D0%B2%D0%B5%D1%8F
http://hh.ru/,,45000.0,руб.,Швея,https://korolev.hh.ru/vacancy/43646282?query=%D1%88%D0%B2%D0%B5%D1%8F
http://hh.ru/,30000.0,50000.0,руб.,Швея,https://korolev.hh.ru/vacancy/44430265?query=%D1%88%D0%B2%D0%B5%D1%8F
http://hh.ru/,,70000.0,руб.,Швея,https://korolev.hh.ru/vacancy/44476450?query=%D1%88%D0%B2%D0%B5%D1%8F
http://hh.ru/,40000.0,55000.0,руб.,Швея-портной,https://korolev.hh.ru/vacancy/44538268?query=%D1%88%D0%B2%D0%B5%D1%8F
http://hh.ru/,30000.0,32000.0,руб.,Швея,https://korolev.hh.ru/vacancy/44535892?query=%D1%88%D0%B2%D0%B5%D1%8F
http://hh.ru/,20000.0,30000.0,руб.,Швея-портной,https://korolev.hh.ru/vacancy/44470284?query=%D1%88%D0%B2%D0%B5%D1%8F
http://hh.ru/,,70000.0,руб.,Швея (нижнее белье),https://korolev.hh.ru/vacancy/44196945?query=%D1%88%D0%B2%D0%B5%D1%8F
http://hh.ru/,15000.0,25000.0,руб.,Швея-портной,https://korolev.hh.ru/vacancy/44473166?query=%D1%88%D0%B2%D0%B5%D1%8F
http://hh.ru/,30000.0,55000.0,руб.,Швея,https://korolev.hh.ru/vacancy/44155342?query=%D1%88%D0%B2%D0%B5%D1%8F
http://hh.ru/,,,,Швея,https://korolev.hh.ru/vacancy/43158134?query=%D1%88%D0%B2%D0%B5%D1%8F
http://hh.ru/,25000.0,30000.0,руб.,Швея-портной,https://korolev.hh.ru/vacancy/44249711?query=%D1%88%D0%B2%D0%B5%D1%8F
http://hh.ru/,21000.0,21000.0,руб.,Швея-портной (костюмер),https://korolev.hh.ru/vacancy/44664336?query=%D1%88%D0%B2%D0%B5%D1%8F
http://hh.ru/,35000.0,60000.0,руб.,Швея,https://korolev.hh.ru/vacancy/44259273?query=%D1%88%D0%B2%D0%B5%D1%8F
http://hh.ru/,,30000.0,руб.,Швея,https://korolev.hh.ru/vacancy/44519737?query=%D1%88%D0%B2%D0%B5%D1%8F
http://hh.ru/,70000.0,90000.0,руб.,Швея-портной,https://korolev.hh.ru/vacancy/44203656?query=%D1%88%D0%B2%D0%B5%D1%8F
http://hh.ru/,30000.0,30000.0,руб.,Швея,https://korolev.hh.ru/vacancy/44154640?query=%D1%88%D0%B2%D0%B5%D1%8F
http://hh.ru/,30000.0,50000.0,руб.,Швея-портной,https://korolev.hh.ru/vacancy/44518207?query=%D1%88%D0%B2%D0%B5%D1%8F
http://hh.ru/,40000.0,80000.0,руб.,Швея-портной,https://korolev.hh.ru/vacancy/44051829?query=%D1%88%D0%B2%D0%B5%D1%8F
http://hh.ru/,,20000.0,руб.,Швея-портной,https://korolev.hh.ru/vacancy/44445999?query=%D1%88%D0%B2%D0%B5%D1%8F
http://hh.ru/,22000.0,26000.0,руб.,Швея,https://korolev.hh.ru/vacancy/44398014?query=%D1%88%D0%B2%D0%B5%D1%8F
http://hh.ru/,,50000.0,руб.,Швея,https://korolev.hh.ru/vacancy/44456457?query=%D1%88%D0%B2%D0%B5%D1%8F
http://hh.ru/,35000.0,55000.0,руб.,Швея-закройщик,https://korolev.hh.ru/vacancy/44662460?query=%D1%88%D0%B2%D0%B5%D1%8F
http://hh.ru/,,1000.0,бел.руб.,Швея,https://korolev.hh.ru/vacancy/44428887?query=%D1%88%D0%B2%D0%B5%D1%8F
http://hh.ru/,,,,Швея,https://korolev.hh.ru/vacancy/44463872?query=%D1%88%D0%B2%D0%B5%D1%8F
http://hh.ru/,30000.0,30000.0,руб.,Швея,https://korolev.hh.ru/vacancy/44154640?query=%D1%88%D0%B2%D0%B5%D1%8F
http://hh.ru/,35000.0,50000.0,руб.,Швея,https://korolev.hh.ru/vacancy/43024828?query=%D1%88%D0%B2%D0%B5%D1%8F
http://hh.ru/,,57000.0,руб.,Швея на пальто (верхняя одежда),https://korolev.hh.ru/vacancy/44417368?query=%D1%88%D0%B2%D0%B5%D1%8F
http://hh.ru/,,,,Швея на производство,https://korolev.hh.ru/vacancy/38812005?query=%D1%88%D0%B2%D0%B5%D1%8F
http://hh.ru/,45000.0,100000.0,руб.,Швея,https://korolev.hh.ru/vacancy/39957011?query=%D1%88%D0%B2%D0%B5%D1%8F
http://hh.ru/,30000.0,40000.0,руб.,Швея,https://korolev.hh.ru/vacancy/44353573?query=%D1%88%D0%B2%D0%B5%D1%8F
http://hh.ru/,,30000.0,руб.,Швея,https://korolev.hh.ru/vacancy/44370702?query=%D1%88%D0%B2%D0%B5%D1%8F
http://hh.ru/,21000.0,21000.0,руб.,Швея-портной (костюмер),https://korolev.hh.ru/vacancy/44664336?query=%D1%88%D0%B2%D0%B5%D1%8F
http://hh.ru/,35000.0,40000.0,руб.,Швея,https://korolev.hh.ru/vacancy/44505166?query=%D1%88%D0%B2%D0%B5%D1%8F
http://hh.ru/,,60000.0,руб.,Швея,https://korolev.hh.ru/vacancy/44336973?query=%D1%88%D0%B2%D0%B5%D1%8F
http://hh.ru/,45000.0,80000.0,руб.,Швея,https://korolev.hh.ru/vacancy/39443405?query=%D1%88%D0%B2%D0%B5%D1%8F
http://hh.ru/,,,,Швея по пошиву штор,https://korolev.hh.ru/vacancy/44060566?query=%D1%88%D0%B2%D0%B5%D1%8F
http://hh.ru/,,60000.0,руб.,Швея,https://korolev.hh.ru/vacancy/44336972?query=%D1%88%D0%B2%D0%B5%D1%8F
http://hh.ru/,30000.0,49000.0,руб.,Швея,https://korolev.hh.ru/vacancy/44521577?query=%D1%88%D0%B2%D0%B5%D1%8F
http://hh.ru/,,35000.0,руб.,Швея-портной,https://korolev.hh.ru/vacancy/44679500?query=%D1%88%D0%B2%D0%B5%D1%8F
http://hh.ru/,75000.0,99000.0,руб.,Швея-портной,https://korolev.hh.ru/vacancy/44129068?query=%D1%88%D0%B2%D0%B5%D1%8F
http://hh.ru/,,70000.0,руб.,Швея,https://korolev.hh.ru/vacancy/42964807?query=%D1%88%D0%B2%D0%B5%D1%8F
http://hh.ru/,,50000.0,руб.,Швея,https://korolev.hh.ru/vacancy/44390752?query=%D1%88%D0%B2%D0%B5%D1%8F
http://hh.ru/,75000.0,120000.0,руб.,Швея-портной,https://korolev.hh.ru/vacancy/44413510?query=%D1%88%D0%B2%D0%B5%D1%8F
http://hh.ru/,35000.0,50000.0,руб.,Швея,https://korolev.hh.ru/vacancy/44287665?query=%D1%88%D0%B2%D0%B5%D1%8F
http://hh.ru/,800.0,1500.0,бел.руб.,Швея-портной/закройщик,https://korolev.hh.ru/vacancy/44429667?query=%D1%88%D0%B2%D0%B5%D1%8F
http://hh.ru/,40000.0,60000.0,руб.,Швея-портной,https://korolev.hh.ru/vacancy/44536742?query=%D1%88%D0%B2%D0%B5%D1%8F
http://hh.ru/,40000.0,85000.0,руб.,Швея-портной,https://korolev.hh.ru/vacancy/43976452?query=%D1%88%D0%B2%D0%B5%D1%8F
http://hh.ru/,,40000.0,руб.,Швея,https://korolev.hh.ru/vacancy/43553825?query=%D1%88%D0%B2%D0%B5%D1%8F
http://hh.ru/,60000.0,80000.0,руб.,Швея-портной,https://korolev.hh.ru/vacancy/44533474?query=%D1%88%D0%B2%D0%B5%D1%8F
http://hh.ru/,40000.0,60000.0,руб.,Швея-портной,https://korolev.hh.ru/vacancy/44403062?query=%D1%88%D0%B2%D0%B5%D1%8F
http://hh.ru/,,50000.0,руб.,Швея-портной,https://korolev.hh.ru/vacancy/44457526?query=%D1%88%D0%B2%D0%B5%D1%8F
http://hh.ru/,30000.0,50000.0,руб.,Швея,https://korolev.hh.ru/vacancy/43422755?query=%D1%88%D0%B2%D0%B5%D1%8F
http://hh.ru/,45000.0,60000.0,руб.,Швея,https://korolev.hh.ru/vacancy/44368702?query=%D1%88%D0%B2%D0%B5%D1%8F
http://hh.ru/,,35000.0,руб.,Швея-портной,https://korolev.hh.ru/vacancy/44582173?query=%D1%88%D0%B2%D0%B5%D1%8F
http://hh.ru/,30000.0,80000.0,руб.,Швея,https://korolev.hh.ru/vacancy/44427403?query=%D1%88%D0%B2%D0%B5%D1%8F
http://hh.ru/,,20000.0,руб.,Швея на пошив постельного белья,https://korolev.hh.ru/vacancy/43749673?query=%D1%88%D0%B2%D0%B5%D1%8F
http://hh.ru/,25000.0,50000.0,руб.,Швея-портной,https://korolev.hh.ru/vacancy/44453242?query=%D1%88%D0%B2%D0%B5%D1%8F
http://hh.ru/,25000.0,35000.0,руб.,Швея на производство,https://korolev.hh.ru/vacancy/44275715?query=%D1%88%D0%B2%D0%B5%D1%8F
http://hh.ru/,40000.0,70000.0,руб.,Портной-швея универсал на производство,https://korolev.hh.ru/vacancy/44348773?query=%D1%88%D0%B2%D0%B5%D1%8F
http://hh.ru/,55000.0,85000.0,руб.,Швея,https://korolev.hh.ru/vacancy/44260608?query=%D1%88%D0%B2%D0%B5%D1%8F
http://hh.ru/,,25000.0,руб.,Швея,https://korolev.hh.ru/vacancy/44248181?query=%D1%88%D0%B2%D0%B5%D1%8F
http://hh.ru/,40000.0,50000.0,руб.,Швея на производство,https://korolev.hh.ru/vacancy/44309180?query=%D1%88%D0%B2%D0%B5%D1%8F
http://hh.ru/,,1400.0,бел.руб.,Швея,https://korolev.hh.ru/vacancy/44390730?query=%D1%88%D0%B2%D0%B5%D1%8F
http://hh.ru/,,100000.0,руб.,Швея,https://korolev.hh.ru/vacancy/44300448?query=%D1%88%D0%B2%D0%B5%D1%8F
http://hh.ru/,,65000.0,руб.,Швея КПБ,https://korolev.hh.ru/vacancy/41184934?query=%D1%88%D0%B2%D0%B5%D1%8F
http://hh.ru/,35000.0,55000.0,руб.,Швея-портной,https://korolev.hh.ru/vacancy/44555775?query=%D1%88%D0%B2%D0%B5%D1%8F
http://hh.ru/,30000.0,40000.0,руб.,Швея-портной,https://korolev.hh.ru/vacancy/44304649?query=%D1%88%D0%B2%D0%B5%D1%8F
http://hh.ru/,,70000.0,руб.,Швея,https://korolev.hh.ru/vacancy/44334398?query=%D1%88%D0%B2%D0%B5%D1%8F
http://hh.ru/,,60000.0,руб.,Швея на самозакрой/швея по пошиву штор,https://korolev.hh.ru/vacancy/44321487?query=%D1%88%D0%B2%D0%B5%D1%8F
http://hh.ru/,,30000.0,руб.,Швея,https://korolev.hh.ru/vacancy/44200699?query=%D1%88%D0%B2%D0%B5%D1%8F
http://hh.ru/,,45000.0,руб.,Швея (пошив женской одежды),https://korolev.hh.ru/vacancy/44550599?query=%D1%88%D0%B2%D0%B5%D1%8F
http://hh.ru/,,34000.0,руб.,Швея,https://korolev.hh.ru/vacancy/44555014?query=%D1%88%D0%B2%D0%B5%D1%8F
http://hh.ru/,50000.0,80000.0,руб.,Швея,https://korolev.hh.ru/vacancy/44284400?query=%D1%88%D0%B2%D0%B5%D1%8F
http://hh.ru/,40000.0,70000.0,руб.,Швея,https://korolev.hh.ru/vacancy/44283874?query=%D1%88%D0%B2%D0%B5%D1%8F
http://hh.ru/,,30000.0,руб.,Швея(Шторы),https://korolev.hh.ru/vacancy/44549894?query=%D1%88%D0%B2%D0%B5%D1%8F
http://hh.ru/,,,,Швея,https://korolev.hh.ru/vacancy/44465736?query=%D1%88%D0%B2%D0%B5%D1%8F
http://hh.ru/,35000.0,40000.0,руб.,Швея/Ручница(ручник),https://korolev.hh.ru/vacancy/43799839?query=%D1%88%D0%B2%D0%B5%D1%8F
http://hh.ru/,25000.0,35000.0,руб.,Швея,https://korolev.hh.ru/vacancy/44440747?query=%D1%88%D0%B2%D0%B5%D1%8F
http://hh.ru/,,40000.0,руб.,"Швея (тент, оксфорд, кожзам)",https://korolev.hh.ru/vacancy/44569421?query=%D1%88%D0%B2%D0%B5%D1%8F
http://hh.ru/,12792.0,13000.0,руб.,Швея/костюмер,https://korolev.hh.ru/vacancy/43227436?query=%D1%88%D0%B2%D0%B5%D1%8F
http://hh.ru/,,60000.0,руб.,Швея на самозакрой/швея по пошиву штор,https://korolev.hh.ru/vacancy/44321487?query=%D1%88%D0%B2%D0%B5%D1%8F
http://hh.ru/,,40000.0,руб.,Швея,https://korolev.hh.ru/vacancy/44386764?query=%D1%88%D0%B2%D0%B5%D1%8F
http://hh.ru/,25000.0,60000.0,руб.,Швея-портной,https://korolev.hh.ru/vacancy/44306845?query=%D1%88%D0%B2%D0%B5%D1%8F
http://hh.ru/,,30000.0,руб.,Швея-портной,https://korolev.hh.ru/vacancy/44370305?query=%D1%88%D0%B2%D0%B5%D1%8F
http://hh.ru/,,,,Швея,https://korolev.hh.ru/vacancy/44039330?query=%D1%88%D0%B2%D0%B5%D1%8F
http://hh.ru/,,30000.0,руб.,Швея,https://korolev.hh.ru/vacancy/44200699?query=%D1%88%D0%B2%D0%B5%D1%8F
http://hh.ru/,,50000.0,руб.,Швея-портной,https://korolev.hh.ru/vacancy/44462276?query=%D1%88%D0%B2%D0%B5%D1%8F
http://hh.ru/,,,,Швея-портной,https://korolev.hh.ru/vacancy/44436611?query=%D1%88%D0%B2%D0%B5%D1%8F
http://hh.ru/,17000.0,18000.0,руб.,Швея на производство/ученик швеи,https://korolev.hh.ru/vacancy/39829287?query=%D1%88%D0%B2%D0%B5%D1%8F
http://hh.ru/,40000.0,70000.0,руб.,Швея,https://korolev.hh.ru/vacancy/44343077?query=%D1%88%D0%B2%D0%B5%D1%8F
http://hh.ru/,,,,Швея,https://korolev.hh.ru/vacancy/44497638?query=%D1%88%D0%B2%D0%B5%D1%8F
http://hh.ru/,65000.0,100000.0,руб.,Швея / портной в мужское ателье,https://korolev.hh.ru/vacancy/44221736?query=%D1%88%D0%B2%D0%B5%D1%8F
http://hh.ru/,25000.0,40000.0,руб.,Швея-портной,https://korolev.hh.ru/vacancy/44392858?query=%D1%88%D0%B2%D0%B5%D1%8F
http://hh.ru/,50000.0,80000.0,руб.,Швея-Портой по пошиву штор,https://korolev.hh.ru/vacancy/44193872?query=%D1%88%D0%B2%D0%B5%D1%8F
http://hh.ru/,,30000.0,руб.,Швея-портной,https://korolev.hh.ru/vacancy/44384357?query=%D1%88%D0%B2%D0%B5%D1%8F
http://hh.ru/,,35000.0,руб.,Швея-портной,https://korolev.hh.ru/vacancy/44522813?query=%D1%88%D0%B2%D0%B5%D1%8F
http://hh.ru/,30000.0,50000.0,руб.,Швея-портной,https://korolev.hh.ru/vacancy/44289024?query=%D1%88%D0%B2%D0%B5%D1%8F
http://hh.ru/,,40000.0,руб.,Швея,https://korolev.hh.ru/vacancy/41524644?query=%D1%88%D0%B2%D0%B5%D1%8F
http://hh.ru/,30000.0,60000.0,руб.,Швея-портной,https://korolev.hh.ru/vacancy/39431756?query=%D1%88%D0%B2%D0%B5%D1%8F
http://hh.ru/,30000.0,40000.0,руб.,Швея,https://korolev.hh.ru/vacancy/44098643?query=%D1%88%D0%B2%D0%B5%D1%8F
http://hh.ru/,,45000.0,руб.,Швея,https://korolev.hh.ru/vacancy/44338798?query=%D1%88%D0%B2%D0%B5%D1%8F
http://hh.ru/,,40000.0,руб.,Швея,https://korolev.hh.ru/vacancy/44164675?query=%D1%88%D0%B2%D0%B5%D1%8F
http://hh.ru/,,45000.0,руб.,Швея-портной,https://korolev.hh.ru/vacancy/44293402?query=%D1%88%D0%B2%D0%B5%D1%8F
http://hh.ru/,25000.0,35000.0,руб.,Швея,https://korolev.hh.ru/vacancy/44440747?query=%D1%88%D0%B2%D0%B5%D1%8F
http://hh.ru/,35000.0,50000.0,руб.,Швея,https://korolev.hh.ru/vacancy/44275996?query=%D1%88%D0%B2%D0%B5%D1%8F
http://hh.ru/,,,,Швея,https://korolev.hh.ru/vacancy/44217943?query=%D1%88%D0%B2%D0%B5%D1%8F
http://hh.ru/,1200.0,2000.0,бел.руб.,Швея-портной,https://korolev.hh.ru/vacancy/44180409?query=%D1%88%D0%B2%D0%B5%D1%8F
http://hh.ru/,60000.0,90000.0,руб.,Швея-портной,https://korolev.hh.ru/vacancy/44284807?query=%D1%88%D0%B2%D0%B5%D1%8F
http://hh.ru/,35000.0,45000.0,руб.,Швея/портной (экспериментальный цех),https://korolev.hh.ru/vacancy/44222878?query=%D1%88%D0%B2%D0%B5%D1%8F
http://hh.ru/,18000.0,50000.0,руб.,Швея-портной,https://korolev.hh.ru/vacancy/44075654?query=%D1%88%D0%B2%D0%B5%D1%8F
http://hh.ru/,,55000.0,руб.,Швея по пошиву штор,https://korolev.hh.ru/vacancy/44285117?query=%D1%88%D0%B2%D0%B5%D1%8F
http://hh.ru/,1000.0,1700.0,бел.руб.,Швея,https://korolev.hh.ru/vacancy/44328544?query=%D1%88%D0%B2%D0%B5%D1%8F
http://hh.ru/,,35000.0,руб.,Швея-портной,https://korolev.hh.ru/vacancy/44413146?query=%D1%88%D0%B2%D0%B5%D1%8F
http://hh.ru/,,1000.0,бел.руб.,Швея-портной,https://korolev.hh.ru/vacancy/44570625?query=%D1%88%D0%B2%D0%B5%D1%8F
http://hh.ru/,,1100.0,бел.руб.,Швея (г.Бобруйск),https://korolev.hh.ru/vacancy/44382701?query=%D1%88%D0%B2%D0%B5%D1%8F
http://hh.ru/,,40000.0,руб.,Швея,https://korolev.hh.ru/vacancy/44386764?query=%D1%88%D0%B2%D0%B5%D1%8F
http://hh.ru/,30000.0,40000.0,руб.,Швея-портной,https://korolev.hh.ru/vacancy/44304649?query=%D1%88%D0%B2%D0%B5%D1%8F
http://hh.ru/,,30000.0,руб.,Швея,https://korolev.hh.ru/vacancy/44206301?query=%D1%88%D0%B2%D0%B5%D1%8F
http://hh.ru/,,35000.0,руб.,Швея по пошиву штор,https://korolev.hh.ru/vacancy/44180010?query=%D1%88%D0%B2%D0%B5%D1%8F
http://hh.ru/,,,,Швея,https://korolev.hh.ru/vacancy/44497638?query=%D1%88%D0%B2%D0%B5%D1%8F
http://hh.ru/,35000.0,50000.0,руб.,Швея,https://korolev.hh.ru/vacancy/44021786?query=%D1%88%D0%B2%D0%B5%D1%8F
http://hh.ru/,30000.0,50000.0,руб.,Швея на производство,https://korolev.hh.ru/vacancy/44078728?query=%D1%88%D0%B2%D0%B5%D1%8F
http://hh.ru/,30000.0,40000.0,руб.,Швея-портной,https://korolev.hh.ru/vacancy/44357155?query=%D1%88%D0%B2%D0%B5%D1%8F
http://hh.ru/,,55000.0,руб.,Швея по пошиву штор,https://korolev.hh.ru/vacancy/44285117?query=%D1%88%D0%B2%D0%B5%D1%8F
http://hh.ru/,27000.0,35000.0,руб.,Швея,https://korolev.hh.ru/vacancy/44181654?query=%D1%88%D0%B2%D0%B5%D1%8F
http://hh.ru/,,46000.0,руб.,Швея,https://korolev.hh.ru/vacancy/44392417?query=%D1%88%D0%B2%D0%B5%D1%8F
http://hh.ru/,,,,Швея,https://korolev.hh.ru/vacancy/44256806?query=%D1%88%D0%B2%D0%B5%D1%8F
http://hh.ru/,,30000.0,руб.,Швея,https://korolev.hh.ru/vacancy/44116435?query=%D1%88%D0%B2%D0%B5%D1%8F
http://hh.ru/,50000.0,95000.0,руб.,Швея нижнего белья,https://korolev.hh.ru/vacancy/44152152?query=%D1%88%D0%B2%D0%B5%D1%8F
http://hh.ru/,45000.0,100000.0,руб.,Швея на производство,https://korolev.hh.ru/vacancy/44072760?query=%D1%88%D0%B2%D0%B5%D1%8F
http://hh.ru/,,,,Швея портной,https://korolev.hh.ru/vacancy/43994979?query=%D1%88%D0%B2%D0%B5%D1%8F
http://hh.ru/,18000.0,30000.0,руб.,Швея-портной,https://korolev.hh.ru/vacancy/42796274?query=%D1%88%D0%B2%D0%B5%D1%8F
http://hh.ru/,45000.0,85000.0,руб.,Швея / Закройщик / швея на самозакрое по пошиву штор,https://korolev.hh.ru/vacancy/44375863?query=%D1%88%D0%B2%D0%B5%D1%8F
http://hh.ru/,20000.0,35000.0,руб.,Швея на производство,https://korolev.hh.ru/vacancy/44154103?query=%D1%88%D0%B2%D0%B5%D1%8F
http://hh.ru/,,50000.0,руб.,Швея-портной,https://korolev.hh.ru/vacancy/44462276?query=%D1%88%D0%B2%D0%B5%D1%8F
http://hh.ru/,25000.0,45000.0,руб.,Швея-портной,https://korolev.hh.ru/vacancy/44204840?query=%D1%88%D0%B2%D0%B5%D1%8F
http://hh.ru/,,17000.0,руб.,Швея,https://korolev.hh.ru/vacancy/43995658?query=%D1%88%D0%B2%D0%B5%D1%8F
http://hh.ru/,30000.0,50000.0,руб.,Швея,https://korolev.hh.ru/vacancy/44061656?query=%D1%88%D0%B2%D0%B5%D1%8F
http://hh.ru/,,45000.0,руб.,Швея на производство,https://korolev.hh.ru/vacancy/43995622?query=%D1%88%D0%B2%D0%B5%D1%8F
http://hh.ru/,30000.0,30000.0,руб.,Швея на производство,https://korolev.hh.ru/vacancy/44151087?query=%D1%88%D0%B2%D0%B5%D1%8F
http://hh.ru/,40000.0,50000.0,руб.,Швея-портной,https://korolev.hh.ru/vacancy/44202169?query=%D1%88%D0%B2%D0%B5%D1%8F
http://hh.ru/,650.0,1200.0,бел.руб.,Швея/пошивщик изделий,https://korolev.hh.ru/vacancy/44351389?query=%D1%88%D0%B2%D0%B5%D1%8F
http://hh.ru/,50000.0,80000.0,руб.,Швея,https://korolev.hh.ru/vacancy/44111535?query=%D1%88%D0%B2%D0%B5%D1%8F
http://hh.ru/,,26000.0,руб.,Швея-портной,https://korolev.hh.ru/vacancy/44248445?query=%D1%88%D0%B2%D0%B5%D1%8F
http://hh.ru/,40000.0,50000.0,руб.,Швея,https://korolev.hh.ru/vacancy/43998960?query=%D1%88%D0%B2%D0%B5%D1%8F
http://hh.ru/,40000.0,60000.0,руб.,Швея,https://korolev.hh.ru/vacancy/44073250?query=%D1%88%D0%B2%D0%B5%D1%8F
http://hh.ru/,30000.0,60000.0,руб.,Швея,https://korolev.hh.ru/vacancy/44074086?query=%D1%88%D0%B2%D0%B5%D1%8F
http://hh.ru/,,50000.0,руб.,Швея,https://korolev.hh.ru/vacancy/44012915?query=%D1%88%D0%B2%D0%B5%D1%8F
http://hh.ru/,,50000.0,руб.,Швея-портной,https://korolev.hh.ru/vacancy/44002780?query=%D1%88%D0%B2%D0%B5%D1%8F
http://hh.ru/,,30000.0,руб.,Швея,https://korolev.hh.ru/vacancy/41116849?query=%D1%88%D0%B2%D0%B5%D1%8F
http://hh.ru/,,25000.0,руб.,Швея,https://korolev.hh.ru/vacancy/44103585?query=%D1%88%D0%B2%D0%B5%D1%8F
http://hh.ru/,,60000.0,руб.,Швея-портной,https://korolev.hh.ru/vacancy/44014080?query=%D1%88%D0%B2%D0%B5%D1%8F
http://hh.ru/,,,,Швея,https://korolev.hh.ru/vacancy/39368044?query=%D1%88%D0%B2%D0%B5%D1%8F
http://hh.ru/,45000.0,100000.0,руб.,Швея по коже,https://korolev.hh.ru/vacancy/44021610?query=%D1%88%D0%B2%D0%B5%D1%8F
http://hh.ru/,40000.0,45000.0,руб.,Швея-ручница (ручник),https://korolev.hh.ru/vacancy/44366134?query=%D1%88%D0%B2%D0%B5%D1%8F
http://hh.ru/,25000.0,50000.0,руб.,"Швея на производство (Попова, 17)",https://korolev.hh.ru/vacancy/44184810?query=%D1%88%D0%B2%D0%B5%D1%8F
http://hh.ru/,80000.0,80000.0,руб.,Швея/Портной (Maneken Brand),https://korolev.hh.ru/vacancy/44071039?query=%D1%88%D0%B2%D0%B5%D1%8F
http://hh.ru/,,25000.0,руб.,Швея на швейное производство,https://korolev.hh.ru/vacancy/44101076?query=%D1%88%D0%B2%D0%B5%D1%8F
http://hh.ru/,,25000.0,руб.,Швея,https://korolev.hh.ru/vacancy/43234011?query=%D1%88%D0%B2%D0%B5%D1%8F
http://hh.ru/,,25000.0,руб.,Швея,https://korolev.hh.ru/vacancy/43234011?query=%D1%88%D0%B2%D0%B5%D1%8F
http://hh.ru/,,30000.0,руб.,Швея,https://korolev.hh.ru/vacancy/44034436?query=%D1%88%D0%B2%D0%B5%D1%8F
http://hh.ru/,,60000.0,руб.,Швея по коже,https://korolev.hh.ru/vacancy/44089127?query=%D1%88%D0%B2%D0%B5%D1%8F
http://hh.ru/,500.0,1000.0,бел.руб.,Швея-портной,https://korolev.hh.ru/vacancy/44402777?query=%D1%88%D0%B2%D0%B5%D1%8F
http://hh.ru/,25000.0,50000.0,руб.,Швея / швея-портной на производство,https://korolev.hh.ru/vacancy/44218861?query=%D1%88%D0%B2%D0%B5%D1%8F
http://hh.ru/,,30000.0,руб.,Швея,https://korolev.hh.ru/vacancy/43598074?query=%D1%88%D0%B2%D0%B5%D1%8F
http://hh.ru/,,55000.0,руб.,Швея по пошиву штор,https://korolev.hh.ru/vacancy/43931602?query=%D1%88%D0%B2%D0%B5%D1%8F
http://hh.ru/,45000.0,65000.0,руб.,Швея,https://korolev.hh.ru/vacancy/44364886?query=%D1%88%D0%B2%D0%B5%D1%8F
http://hh.ru/,,,,Швея-портной,https://korolev.hh.ru/vacancy/44302686?query=%D1%88%D0%B2%D0%B5%D1%8F
http://hh.ru/,40000.0,100000.0,руб.,Швея,https://korolev.hh.ru/vacancy/44006982?query=%D1%88%D0%B2%D0%B5%D1%8F
http://hh.ru/,45000.0,60000.0,руб.,Швея,https://korolev.hh.ru/vacancy/44036239?query=%D1%88%D0%B2%D0%B5%D1%8F
http://hh.ru/,,15000.0,руб.,Швея,https://korolev.hh.ru/vacancy/44263985?query=%D1%88%D0%B2%D0%B5%D1%8F
http://hh.ru/,,,,Швея на детскую фабрику,https://korolev.hh.ru/vacancy/44267905?query=%D1%88%D0%B2%D0%B5%D1%8F
http://hh.ru/,,100000.0,руб.,Швея-портной,https://korolev.hh.ru/vacancy/44024491?query=%D1%88%D0%B2%D0%B5%D1%8F
http://hh.ru/,,50000.0,руб.,Швея-портной,https://korolev.hh.ru/vacancy/44002780?query=%D1%88%D0%B2%D0%B5%D1%8F
http://hh.ru/,50000.0,80000.0,руб.,Швея в швейный цех. Достойная зарплата.,https://korolev.hh.ru/vacancy/44044811?query=%D1%88%D0%B2%D0%B5%D1%8F
http://hh.ru/,50000.0,70000.0,руб.,Швея по пошиву штор,https://korolev.hh.ru/vacancy/44290095?query=%D1%88%D0%B2%D0%B5%D1%8F
http://hh.ru/,30000.0,60000.0,руб.,Швея-портной,https://korolev.hh.ru/vacancy/43411909?query=%D1%88%D0%B2%D0%B5%D1%8F
http://hh.ru/,20000.0,30000.0,руб.,Швея-универсал,https://korolev.hh.ru/vacancy/44088061?query=%D1%88%D0%B2%D0%B5%D1%8F
http://hh.ru/,,40000.0,руб.,Швея,https://korolev.hh.ru/vacancy/44091163?query=%D1%88%D0%B2%D0%B5%D1%8F
http://hh.ru/,,,,Швея/ ученик швеи,https://korolev.hh.ru/vacancy/44191358?query=%D1%88%D0%B2%D0%B5%D1%8F
http://hh.ru/,27000.0,45000.0,руб.,Швея-портной,https://korolev.hh.ru/vacancy/44120989?query=%D1%88%D0%B2%D0%B5%D1%8F
http://hh.ru/,45000.0,60000.0,руб.,Швея-портной,https://korolev.hh.ru/vacancy/43995522?query=%D1%88%D0%B2%D0%B5%D1%8F
http://hh.ru/,25000.0,35000.0,руб.,Швея-портной,https://korolev.hh.ru/vacancy/44114806?query=%D1%88%D0%B2%D0%B5%D1%8F
http://hh.ru/,15000.0,60000.0,руб.,Швея по пошиву пвх тканей,https://korolev.hh.ru/vacancy/43985215?query=%D1%88%D0%B2%D0%B5%D1%8F
http://hh.ru/,35000.0,50000.0,руб.,Швея,https://korolev.hh.ru/vacancy/44028688?query=%D1%88%D0%B2%D0%B5%D1%8F
http://hh.ru/,,25000.0,руб.,Швея-портной,https://korolev.hh.ru/vacancy/43975398?query=%D1%88%D0%B2%D0%B5%D1%8F
http://hh.ru/,20000.0,45000.0,руб.,Швея-портной,https://korolev.hh.ru/vacancy/44377534?query=%D1%88%D0%B2%D0%B5%D1%8F
http://hh.ru/,,30000.0,руб.,Швея-портной,https://korolev.hh.ru/vacancy/44186318?query=%D1%88%D0%B2%D0%B5%D1%8F
http://hh.ru/,35000.0,45000.0,руб.,Швея-портной,https://korolev.hh.ru/vacancy/44450149?query=%D1%88%D0%B2%D0%B5%D1%8F
http://hh.ru/,35000.0,70000.0,руб.,Швея,https://korolev.hh.ru/vacancy/44164745?query=%D1%88%D0%B2%D0%B5%D1%8F
http://hh.ru/,,25000.0,руб.,Швея-универсал,https://korolev.hh.ru/vacancy/44378070?query=%D1%88%D0%B2%D0%B5%D1%8F
http://hh.ru/,35000.0,60000.0,руб.,Швея-портной,https://korolev.hh.ru/vacancy/44017874?query=%D1%88%D0%B2%D0%B5%D1%8F
http://hh.ru/,,25000.0,руб.,Швея,https://korolev.hh.ru/vacancy/44161284?query=%D1%88%D0%B2%D0%B5%D1%8F
http://hh.ru/,,25000.0,руб.,Швея-портной,https://korolev.hh.ru/vacancy/44016549?query=%D1%88%D0%B2%D0%B5%D1%8F
http://hh.ru/,25000.0,45000.0,руб.,Швея (г. Балахна),https://korolev.hh.ru/vacancy/43567293?query=%D1%88%D0%B2%D0%B5%D1%8F
http://hh.ru/,18000.0,30000.0,руб.,Швея-портной,https://korolev.hh.ru/vacancy/42796274?query=%D1%88%D0%B2%D0%B5%D1%8F
http://hh.ru/,25000.0,40000.0,руб.,Швея-портной,https://korolev.hh.ru/vacancy/44372881?query=%D1%88%D0%B2%D0%B5%D1%8F
http://hh.ru/,,30000.0,руб.,Швея,https://korolev.hh.ru/vacancy/44059715?query=%D1%88%D0%B2%D0%B5%D1%8F
http://hh.ru/,,,,Швея-портной,https://korolev.hh.ru/vacancy/44013823?query=%D1%88%D0%B2%D0%B5%D1%8F
http://hh.ru/,,30000.0,руб.,Швея,https://korolev.hh.ru/vacancy/41773789?query=%D1%88%D0%B2%D0%B5%D1%8F
http://hh.ru/,,30000.0,руб.,Швея,https://korolev.hh.ru/vacancy/41773788?query=%D1%88%D0%B2%D0%B5%D1%8F
http://hh.ru/,130000.0,200000.0,KZT,Швея,https://korolev.hh.ru/vacancy/44815833?query=%D1%88%D0%B2%D0%B5%D1%8F
http://hh.ru/,150000.0,180000.0,KZT,Швея,https://korolev.hh.ru/vacancy/44815686?query=%D1%88%D0%B2%D0%B5%D1%8F
http://hh.ru/,,800.0,бел.руб.,Швея,https://korolev.hh.ru/vacancy/44113993?query=%D1%88%D0%B2%D0%B5%D1%8F
http://hh.ru/,800.0,1200.0,бел.руб.,Швея,https://korolev.hh.ru/vacancy/44827023?query=%D1%88%D0%B2%D0%B5%D1%8F
http://hh.ru/,100000.0,150000.0,KZT,Швея-портной,https://korolev.hh.ru/vacancy/44799984?query=%D1%88%D0%B2%D0%B5%D1%8F
http://hh.ru/,750000.0,1000000.0,сум,Швея-портной,https://korolev.hh.ru/vacancy/44855776?query=%D1%88%D0%B2%D0%B5%D1%8F
http://hh.ru/,850.0,1500.0,бел.руб.,Швея,https://korolev.hh.ru/vacancy/44758766?query=%D1%88%D0%B2%D0%B5%D1%8F
http://hh.ru/,,100000.0,KZT,Швея-закройщик,https://korolev.hh.ru/vacancy/44806403?query=%D1%88%D0%B2%D0%B5%D1%8F
http://hh.ru/,500.0,1100.0,бел.руб.,Швея-портной,https://korolev.hh.ru/vacancy/44827614?query=%D1%88%D0%B2%D0%B5%D1%8F
http://hh.ru/,,1000.0,бел.руб.,Швея,https://korolev.hh.ru/vacancy/44794780?query=%D1%88%D0%B2%D0%B5%D1%8F
http://hh.ru/,1000000.0,2000000.0,сум,Швея,https://korolev.hh.ru/vacancy/44059971?query=%D1%88%D0%B2%D0%B5%D1%8F
http://hh.ru/,800.0,1300.0,бел.руб.,Швея,https://korolev.hh.ru/vacancy/44857869?query=%D1%88%D0%B2%D0%B5%D1%8F
http://hh.ru/,90000.0,150000.0,KZT,Швея-портной,https://korolev.hh.ru/vacancy/44809034?query=%D1%88%D0%B2%D0%B5%D1%8F
http://hh.ru/,,800.0,бел.руб.,Швея,https://korolev.hh.ru/vacancy/44815159?query=%D1%88%D0%B2%D0%B5%D1%8F
http://hh.ru/,700.0,800.0,бел.руб.,Швея в ремонт одежды,https://korolev.hh.ru/vacancy/44811854?query=%D1%88%D0%B2%D0%B5%D1%8F
http://hh.ru/,100000.0,280000.0,KZT,Швея на массовом производстве,https://korolev.hh.ru/vacancy/44797532?query=%D1%88%D0%B2%D0%B5%D1%8F
http://hh.ru/,100000.0,100000.0,KZT,Швея,https://korolev.hh.ru/vacancy/44672380?query=%D1%88%D0%B2%D0%B5%D1%8F
http://hh.ru/,100000.0,250000.0,KZT,Швея,https://korolev.hh.ru/vacancy/44697124?query=%D1%88%D0%B2%D0%B5%D1%8F
http://hh.ru/,600.0,800.0,бел.руб.,Швея-портной,https://korolev.hh.ru/vacancy/44083000?query=%D1%88%D0%B2%D0%B5%D1%8F
http://hh.ru/,100000.0,100000.0,KZT,Швея,https://korolev.hh.ru/vacancy/44672380?query=%D1%88%D0%B2%D0%B5%D1%8F
http://hh.ru/,800.0,1200.0,бел.руб.,Швея,https://korolev.hh.ru/vacancy/44391058?query=%D1%88%D0%B2%D0%B5%D1%8F
http://hh.ru/,1000000.0,2000000.0,сум,Швея,https://korolev.hh.ru/vacancy/44059971?query=%D1%88%D0%B2%D0%B5%D1%8F
http://hh.ru/,800.0,1300.0,бел.руб.,Швея,https://korolev.hh.ru/vacancy/44857869?query=%D1%88%D0%B2%D0%B5%D1%8F
http://hh.ru/,800.0,1000.0,бел.руб.,Швея-конструктор,https://korolev.hh.ru/vacancy/44655551?query=%D1%88%D0%B2%D0%B5%D1%8F
http://hh.ru/,,800.0,бел.руб.,Швея,https://korolev.hh.ru/vacancy/44815159?query=%D1%88%D0%B2%D0%B5%D1%8F
http://hh.ru/,700.0,800.0,бел.руб.,Швея в ремонт одежды,https://korolev.hh.ru/vacancy/44811854?query=%D1%88%D0%B2%D0%B5%D1%8F
http://hh.ru/,,100000.0,KZT,Швея-закройщик,https://korolev.hh.ru/vacancy/44806403?query=%D1%88%D0%B2%D0%B5%D1%8F
http://hh.ru/,,,,Швея-портной,https://korolev.hh.ru/vacancy/44860053?query=%D1%88%D0%B2%D0%B5%D1%8F
http://hh.ru/,800.0,1000.0,бел.руб.,Швея-портной,https://korolev.hh.ru/vacancy/44741267?query=%D1%88%D0%B2%D0%B5%D1%8F
http://hh.ru/,,950.0,бел.руб.,Швея-утюжильщица/утюжильщик-термоотделочник (швея-портная/портной),https://korolev.hh.ru/vacancy/44664501?query=%D1%88%D0%B2%D0%B5%D1%8F
http://hh.ru/,,,,Швея- лаборант,https://korolev.hh.ru/vacancy/44835088?query=%D1%88%D0%B2%D0%B5%D1%8F
http://hh.ru/,100000.0,250000.0,KZT,Швея,https://korolev.hh.ru/vacancy/44697124?query=%D1%88%D0%B2%D0%B5%D1%8F
http://hh.ru/,70000.0,150000.0,KZT,"Швея (3, 4, 5 разряд)",https://korolev.hh.ru/vacancy/44617278?query=%D1%88%D0%B2%D0%B5%D1%8F
http://hh.ru/,,800.0,бел.руб.,Швея-портной,https://korolev.hh.ru/vacancy/44755572?query=%D1%88%D0%B2%D0%B5%D1%8F
http://hh.ru/,,800.0,бел.руб.,Швея,https://korolev.hh.ru/vacancy/44113993?query=%D1%88%D0%B2%D0%B5%D1%8F
http://hh.ru/,850.0,2000.0,бел.руб.,Швея,https://korolev.hh.ru/vacancy/43717582?query=%D1%88%D0%B2%D0%B5%D1%8F
http://hh.ru/,,600.0,бел.руб.,Швея,https://korolev.hh.ru/vacancy/44840529?query=%D1%88%D0%B2%D0%B5%D1%8F
http://hh.ru/,,1000.0,бел.руб.,Швея-портной,https://korolev.hh.ru/vacancy/43482867?query=%D1%88%D0%B2%D0%B5%D1%8F
http://hh.ru/,,1500000.0,сум,Швея (Тикувчи),https://korolev.hh.ru/vacancy/44628566?query=%D1%88%D0%B2%D0%B5%D1%8F
http://hh.ru/,470.0,1000.0,бел.руб.,Швея,https://korolev.hh.ru/vacancy/43107336?query=%D1%88%D0%B2%D0%B5%D1%8F
http://hh.ru/,800.0,1000.0,бел.руб.,Швея,https://korolev.hh.ru/vacancy/44430246?query=%D1%88%D0%B2%D0%B5%D1%8F
http://hh.ru/,,800.0,бел.руб.,Швея,https://korolev.hh.ru/vacancy/43824151?query=%D1%88%D0%B2%D0%B5%D1%8F
http://hh.ru/,500.0,800.0,бел.руб.,Швея,https://korolev.hh.ru/vacancy/44392952?query=%D1%88%D0%B2%D0%B5%D1%8F
http://hh.ru/,700.0,1500.0,бел.руб.,Швея,https://korolev.hh.ru/vacancy/44341454?query=%D1%88%D0%B2%D0%B5%D1%8F
http://hh.ru/,,500.0,бел.руб.,Швея,https://korolev.hh.ru/vacancy/44519022?query=%D1%88%D0%B2%D0%B5%D1%8F
http://hh.ru/,,800.0,бел.руб.,Швея,https://korolev.hh.ru/vacancy/44586126?query=%D1%88%D0%B2%D0%B5%D1%8F
http://hh.ru/,900.0,1200.0,бел.руб.,Швея-портной,https://korolev.hh.ru/vacancy/43215621?query=%D1%88%D0%B2%D0%B5%D1%8F
http://hh.ru/,700.0,1000.0,бел.руб.,Швея,https://korolev.hh.ru/vacancy/44338163?query=%D1%88%D0%B2%D0%B5%D1%8F
http://hh.ru/,,,,Швея-портной,https://korolev.hh.ru/vacancy/44447984?query=%D1%88%D0%B2%D0%B5%D1%8F
http://hh.ru/,,,,Закройщик - Швея Мягкой мебели,https://korolev.hh.ru/vacancy/44218274?query=%D1%88%D0%B2%D0%B5%D1%8F
http://hh.ru/,800.0,1000.0,бел.руб.,Портной/Портная-швея,https://korolev.hh.ru/vacancy/44542423?query=%D1%88%D0%B2%D0%B5%D1%8F
http://hh.ru/,1000.0,1200.0,бел.руб.,Швея-портной,https://korolev.hh.ru/vacancy/44517477?query=%D1%88%D0%B2%D0%B5%D1%8F
http://hh.ru/,,400.0,бел.руб.,Швея в ремонт одежды,https://korolev.hh.ru/vacancy/44412294?query=%D1%88%D0%B2%D0%B5%D1%8F
http://hh.ru/,,1000.0,бел.руб.,Швея-портной,https://korolev.hh.ru/vacancy/44536405?query=%D1%88%D0%B2%D0%B5%D1%8F
http://hh.ru/,,700.0,бел.руб.,Швея,https://korolev.hh.ru/vacancy/44356663?query=%D1%88%D0%B2%D0%B5%D1%8F
http://hh.ru/,,87500.0,KZT,Швея,https://korolev.hh.ru/vacancy/44527687?query=%D1%88%D0%B2%D0%B5%D1%8F
http://hh.ru/,850.0,1100.0,бел.руб.,Швея-портная (портной) / мастер в ателье по ремонту одежды,https://korolev.hh.ru/vacancy/43431869?query=%D1%88%D0%B2%D0%B5%D1%8F
http://hh.ru/,110000.0,150000.0,KZT,Швея-универсал,https://korolev.hh.ru/vacancy/44289577?query=%D1%88%D0%B2%D0%B5%D1%8F
http://hh.ru/,,1400.0,бел.руб.,Швея (мягкая мебель),https://korolev.hh.ru/vacancy/43562350?query=%D1%88%D0%B2%D0%B5%D1%8F
http://hh.ru/,650.0,800.0,бел.руб.,Швея-портной,https://korolev.hh.ru/vacancy/44215265?query=%D1%88%D0%B2%D0%B5%D1%8F
http://hh.ru/,110000.0,150000.0,KZT,Швея-универсал,https://korolev.hh.ru/vacancy/44289577?query=%D1%88%D0%B2%D0%B5%D1%8F
http://hh.ru/,,,,Швея,https://korolev.hh.ru/vacancy/44215878?query=%D1%88%D0%B2%D0%B5%D1%8F
http://hh.ru/,,1000.0,бел.руб.,Швея,https://korolev.hh.ru/vacancy/44187526?query=%D1%88%D0%B2%D0%B5%D1%8F
http://hh.ru/,600.0,1500.0,бел.руб.,Швея-портной (Ателье по ремонту одежды Keyman),https://korolev.hh.ru/vacancy/44413060?query=%D1%88%D0%B2%D0%B5%D1%8F
http://hh.ru/,850.0,1050.0,бел.руб.,Швея,https://korolev.hh.ru/vacancy/44376294?query=%D1%88%D0%B2%D0%B5%D1%8F
http://hh.ru/,1000.0,1400.0,бел.руб.,Швея-портной,https://korolev.hh.ru/vacancy/44413027?query=%D1%88%D0%B2%D0%B5%D1%8F
http://hh.ru/,,60000.0,KZT,Швея,https://korolev.hh.ru/vacancy/44279469?query=%D1%88%D0%B2%D0%B5%D1%8F
http://hh.ru/,90000.0,300000.0,KZT,Швея,https://korolev.hh.ru/vacancy/44323405?query=%D1%88%D0%B2%D0%B5%D1%8F
http://hh.ru/,700.0,1500.0,бел.руб.,Швея,https://korolev.hh.ru/vacancy/44341454?query=%D1%88%D0%B2%D0%B5%D1%8F
http://hh.ru/,800.0,1300.0,бел.руб.,Швея/Портной,https://korolev.hh.ru/vacancy/43881250?query=%D1%88%D0%B2%D0%B5%D1%8F
http://hh.ru/,500.0,1000.0,бел.руб.,Швея,https://korolev.hh.ru/vacancy/44331838?query=%D1%88%D0%B2%D0%B5%D1%8F
http://hh.ru/,,800.0,бел.руб.,Швея,https://korolev.hh.ru/vacancy/44341409?query=%D1%88%D0%B2%D0%B5%D1%8F
http://hh.ru/,,1200.0,бел.руб.,Швея -портная/портной,https://korolev.hh.ru/vacancy/44339789?query=%D1%88%D0%B2%D0%B5%D1%8F
http://hh.ru/,,,,Закройщик - Швея Мягкой мебели,https://korolev.hh.ru/vacancy/44218274?query=%D1%88%D0%B2%D0%B5%D1%8F
http://hh.ru/,1100.0,1500.0,бел.руб.,Швея-портной,https://korolev.hh.ru/vacancy/44333148?query=%D1%88%D0%B2%D0%B5%D1%8F
http://hh.ru/,,,,Швея,https://korolev.hh.ru/vacancy/44217842?query=%D1%88%D0%B2%D0%B5%D1%8F
http://hh.ru/,,1500.0,бел.руб.,Швея-портной,https://korolev.hh.ru/vacancy/44351039?query=%D1%88%D0%B2%D0%B5%D1%8F
http://hh.ru/,,1050.0,бел.руб.,Швея-портной,https://korolev.hh.ru/vacancy/44222267?query=%D1%88%D0%B2%D0%B5%D1%8F
http://hh.ru/,,40000.0,руб.,Швея на комплекты домашнего текстиля,https://korolev.hh.ru/vacancy/44324608?query=%D1%88%D0%B2%D0%B5%D1%8F
http://hh.ru/,,40000.0,руб.,Швея на комплекты домашнего текстиля,https://korolev.hh.ru/vacancy/44324609?query=%D1%88%D0%B2%D0%B5%D1%8F
http://hh.ru/,,40000.0,руб.,Швея на комплекты домашнего текстиля,https://korolev.hh.ru/vacancy/44324610?query=%D1%88%D0%B2%D0%B5%D1%8F
http://hh.ru/,,20000.0,руб.,Швея на вязальное производство,https://korolev.hh.ru/vacancy/43516161?query=%D1%88%D0%B2%D0%B5%D1%8F
http://hh.ru/,70000.0,90000.0,руб.,Швея-мотористка/моторист,https://korolev.hh.ru/vacancy/44248398?query=%D1%88%D0%B2%D0%B5%D1%8F
http://hh.ru/,50000.0,60000.0,руб.,Мастер по подгонке / Швея,https://korolev.hh.ru/vacancy/44870573?query=%D1%88%D0%B2%D0%B5%D1%8F
http://hh.ru/,,35000.0,руб.,Швея - реквизитор,https://korolev.hh.ru/vacancy/44862117?query=%D1%88%D0%B2%D0%B5%D1%8F
http://hh.ru/,,45000.0,руб.,Швея-мотористка/моторист,https://korolev.hh.ru/vacancy/44484787?query=%D1%88%D0%B2%D0%B5%D1%8F
http://hh.ru/,,,,Швея на мебельное производство,https://korolev.hh.ru/vacancy/44864406?query=%D1%88%D0%B2%D0%B5%D1%8F
http://hh.ru/,,37000.0,руб.,"Швея-портной (м. Выставочная, ТРЦ Афимолл)",https://korolev.hh.ru/vacancy/44516181?query=%D1%88%D0%B2%D0%B5%D1%8F
http://hh.ru/,30000.0,50000.0,руб.,Швея-сборщица / Сборщик,https://korolev.hh.ru/vacancy/44484133?query=%D1%88%D0%B2%D0%B5%D1%8F
http://hh.ru/,,,,Швея-мотористка (трикотажные изделия),https://korolev.hh.ru/vacancy/44871044?query=%D1%88%D0%B2%D0%B5%D1%8F
http://hh.ru/,,45000.0,руб.,Швея-закройщица/закройщик на мебельное производство,https://korolev.hh.ru/vacancy/44043008?query=%D1%88%D0%B2%D0%B5%D1%8F
http://hh.ru/,50000.0,60000.0,руб.,Мастер по ремонту одежды / Портная / портной,https://korolev.hh.ru/vacancy/44537796?query=%D1%88%D0%B2%D0%B5%D1%8F
http://hh.ru/,40000.0,70000.0,руб.,Швея-лаборант,https://korolev.hh.ru/vacancy/43844431?query=%D1%88%D0%B2%D0%B5%D1%8F
http://hh.ru/,70000.0,90000.0,руб.,Портной (швея/мастер по подгонке),https://korolev.hh.ru/vacancy/44073837?query=%D1%88%D0%B2%D0%B5%D1%8F
http://hh.ru/,,21120.0,руб.,Швея на склад,https://korolev.hh.ru/vacancy/43869518?query=%D1%88%D0%B2%D0%B5%D1%8F
http://hh.ru/,,,,Модельер-конструктор,https://korolev.hh.ru/vacancy/44533390?query=%D1%88%D0%B2%D0%B5%D1%8F
http://hh.ru/,,,,Швея-лаборант,https://korolev.hh.ru/vacancy/43718506?query=%D1%88%D0%B2%D0%B5%D1%8F
http://hh.ru/,25000.0,40000.0,руб.,Швея на производство надувных конструкций (Среднеуральск),https://korolev.hh.ru/vacancy/44822357?query=%D1%88%D0%B2%D0%B5%D1%8F
http://hh.ru/,,35000.0,руб.,Продавец-портной (ТЦ Панорама),https://korolev.hh.ru/vacancy/40426623?query=%D1%88%D0%B2%D0%B5%D1%8F
http://hh.ru/,,,,Продавец-портной (ТЦ Коллаж),https://korolev.hh.ru/vacancy/42272487?query=%D1%88%D0%B2%D0%B5%D1%8F
http://hh.ru/,,35000.0,руб.,Мастер-ателье (ТЦ Лето),https://korolev.hh.ru/vacancy/44515747?query=%D1%88%D0%B2%D0%B5%D1%8F
http://hh.ru/,,30000.0,руб.,Мастер-ателье (ТЦ Калининград Плаза),https://korolev.hh.ru/vacancy/44367500?query=%D1%88%D0%B2%D0%B5%D1%8F
http://hh.ru/,,,,Продавец-портной (ТЦ Европолис),https://korolev.hh.ru/vacancy/40709044?query=%D1%88%D0%B2%D0%B5%D1%8F
http://hh.ru/,,,,Продавец-портной (ТЦ Планета),https://korolev.hh.ru/vacancy/42908474?query=%D1%88%D0%B2%D0%B5%D1%8F
http://hh.ru/,,32000.0,руб.,Продавец-портной (ТЦ Сити Молл Белгородский),https://korolev.hh.ru/vacancy/44846460?query=%D1%88%D0%B2%D0%B5%D1%8F
http://hh.ru/,,45000.0,руб.,Продавец-портной (ТЦ Июнь),https://korolev.hh.ru/vacancy/40161620?query=%D1%88%D0%B2%D0%B5%D1%8F
http://hh.ru/,,,,Продавец-портной (ТЦ Вегас Кунцево),https://korolev.hh.ru/vacancy/42085517?query=%D1%88%D0%B2%D0%B5%D1%8F
http://hh.ru/,,,,Продавец-портной (ТЦ Вегас Кунцево),https://korolev.hh.ru/vacancy/42085532?query=%D1%88%D0%B2%D0%B5%D1%8F
http://hh.ru/,,35000.0,руб.,Мастер-ателье (ТЦ Саларис),https://korolev.hh.ru/vacancy/43337306?query=%D1%88%D0%B2%D0%B5%D1%8F
http://hh.ru/,,25000.0,руб.,Мастер ателье (ТЦ Алмаз),https://korolev.hh.ru/vacancy/40005103?query=%D1%88%D0%B2%D0%B5%D1%8F
http://hh.ru/,,30000.0,руб.,Мастер-ателье (ТЦ Сити Молл),https://korolev.hh.ru/vacancy/42284097?query=%D1%88%D0%B2%D0%B5%D1%8F
http://hh.ru/,,,,Руководитель направления одежды,https://korolev.hh.ru/vacancy/44641054?query=%D1%88%D0%B2%D0%B5%D1%8F
http://hh.ru/,30000.0,70000.0,руб.,Швея-универсал (бренд HARD),https://korolev.hh.ru/vacancy/44768130?query=%D1%88%D0%B2%D0%B5%D1%8F
http://hh.ru/,,35000.0,руб.,Мастер-ателье (ТЦ Аутлет Новая Рига),https://korolev.hh.ru/vacancy/43541061?query=%D1%88%D0%B2%D0%B5%D1%8F
http://hh.ru/,,35000.0,руб.,Продавец-консультант (ТЦ Гринвич),https://korolev.hh.ru/vacancy/43815438?query=%D1%88%D0%B2%D0%B5%D1%8F
http://hh.ru/,,45000.0,руб.,Продавец-портной (ТЦ Лондон Молл),https://korolev.hh.ru/vacancy/42812323?query=%D1%88%D0%B2%D0%B5%D1%8F
http://hh.ru/,20000.0,30000.0,руб.,Швея операционист,https://korolev.hh.ru/vacancy/44771443?query=%D1%88%D0%B2%D0%B5%D1%8F
http://hh.ru/,,40000.0,руб.,Швея-термоотделочник,https://korolev.hh.ru/vacancy/37412754?query=%D1%88%D0%B2%D0%B5%D1%8F
http://hh.ru/,,1200.0,бел.руб.,Швея по перетяжке мебели,https://korolev.hh.ru/vacancy/44644214?query=%D1%88%D0%B2%D0%B5%D1%8F
http://hh.ru/,,1200.0,бел.руб.,Швея по перетяжке мебели,https://korolev.hh.ru/vacancy/44644213?query=%D1%88%D0%B2%D0%B5%D1%8F
http://hh.ru/,35000.0,50000.0,руб.,Швея на производство мягкой мебели,https://korolev.hh.ru/vacancy/44652165?query=%D1%88%D0%B2%D0%B5%D1%8F
http://hh.ru/,,1200.0,бел.руб.,Швея по перетяжке мебели,https://korolev.hh.ru/vacancy/44644215?query=%D1%88%D0%B2%D0%B5%D1%8F
http://hh.ru/,40000.0,45000.0,руб.,Швея (закройщица/закройщик),https://korolev.hh.ru/vacancy/37748664?query=%D1%88%D0%B2%D0%B5%D1%8F
http://hh.ru/,,1000.0,бел.руб.,Швея (мягкая мебель),https://korolev.hh.ru/vacancy/44613334?query=%D1%88%D0%B2%D0%B5%D1%8F
http://hh.ru/,,27000.0,руб.,Швея-упаковщица/Упаковщик,https://korolev.hh.ru/vacancy/44114068?query=%D1%88%D0%B2%D0%B5%D1%8F
http://hh.ru/,50000.0,70000.0,руб.,Швея - Портная (Портной) свадебных и вечерних платьев,https://korolev.hh.ru/vacancy/44612254?query=%D1%88%D0%B2%D0%B5%D1%8F
http://hh.ru/,,,,Технолог,https://korolev.hh.ru/vacancy/42375023?query=%D1%88%D0%B2%D0%B5%D1%8F
http://hh.ru/,,,,Швея Закройщица/Закройщик,https://korolev.hh.ru/vacancy/44609888?query=%D1%88%D0%B2%D0%B5%D1%8F
http://hh.ru/,,,,Специалист по обшивке салонов (с опытом обшивки автомобилей / на производстве мягкой мебели),https://korolev.hh.ru/vacancy/44213741?query=%D1%88%D0%B2%D0%B5%D1%8F
http://hh.ru/,,,,Продавец-портной (ТЦ Аутлет Внуково),https://korolev.hh.ru/vacancy/42908687?query=%D1%88%D0%B2%D0%B5%D1%8F
http://hh.ru/,,70000.0,руб.,Швея-закройщик на подработку,https://korolev.hh.ru/vacancy/44608703?query=%D1%88%D0%B2%D0%B5%D1%8F
http://hh.ru/,,29000.0,руб.,Контролер ОТК,https://korolev.hh.ru/vacancy/44617782?query=%D1%88%D0%B2%D0%B5%D1%8F
http://hh.ru/,,100000.0,руб.,HR менеджер по подбору персонала (удаленно),https://korolev.hh.ru/vacancy/41988977?query=%D1%88%D0%B2%D0%B5%D1%8F
http://hh.ru/,,,,Мастер по ремонту одежды/швея,https://korolev.hh.ru/vacancy/44333963?query=%D1%88%D0%B2%D0%B5%D1%8F
http://hh.ru/,50000.0,65000.0,руб.,Швея-лаборант,https://korolev.hh.ru/vacancy/44585855?query=%D1%88%D0%B2%D0%B5%D1%8F
http://hh.ru/,,,,Мастер по ремонту одежды/швея,https://korolev.hh.ru/vacancy/44333962?query=%D1%88%D0%B2%D0%B5%D1%8F
http://hh.ru/,,,,Швея-лаборант,https://korolev.hh.ru/vacancy/42344020?query=%D1%88%D0%B2%D0%B5%D1%8F
http://hh.ru/,,40000.0,руб.,Оператор/швея на текстильное производство,https://korolev.hh.ru/vacancy/44593966?query=%D1%88%D0%B2%D0%B5%D1%8F
http://hh.ru/,,70000.0,руб.,Швея (Производство в г. Брест),https://korolev.hh.ru/vacancy/44319472?query=%D1%88%D0%B2%D0%B5%D1%8F
http://hh.ru/,,70000.0,руб.,Швея (Производство в г. Брест),https://korolev.hh.ru/vacancy/44319467?query=%D1%88%D0%B2%D0%B5%D1%8F
http://hh.ru/,,70000.0,руб.,Швея (Производство в г. Брест),https://korolev.hh.ru/vacancy/44319468?query=%D1%88%D0%B2%D0%B5%D1%8F
http://hh.ru/,25000.0,30000.0,руб.,Швея на спецмашины,https://korolev.hh.ru/vacancy/42865148?query=%D1%88%D0%B2%D0%B5%D1%8F
http://hh.ru/,,70000.0,руб.,Швея (Производство в г. Брест),https://korolev.hh.ru/vacancy/44319469?query=%D1%88%D0%B2%D0%B5%D1%8F
http://hh.ru/,,70000.0,руб.,Швея (Производство в г. Брест),https://korolev.hh.ru/vacancy/44319466?query=%D1%88%D0%B2%D0%B5%D1%8F
http://hh.ru/,,70000.0,руб.,Швея (Производство в г. Брест),https://korolev.hh.ru/vacancy/44319470?query=%D1%88%D0%B2%D0%B5%D1%8F
http://hh.ru/,,,,Мастер по ремонту одежды / швея,https://korolev.hh.ru/vacancy/44326888?query=%D1%88%D0%B2%D0%B5%D1%8F
http://hh.ru/,,30000.0,руб.,Швея на производство / рабочий по пошиву,https://korolev.hh.ru/vacancy/42791723?query=%D1%88%D0%B2%D0%B5%D1%8F
http://hh.ru/,,70000.0,руб.,Швея (Производство в г. Брест),https://korolev.hh.ru/vacancy/44319471?query=%D1%88%D0%B2%D0%B5%D1%8F
http://hh.ru/,,25000.0,руб.,Швея-конструктор,https://korolev.hh.ru/vacancy/38560451?query=%D1%88%D0%B2%D0%B5%D1%8F
http://hh.ru/,50000.0,60000.0,руб.,Швея/лаборант,https://korolev.hh.ru/vacancy/44331303?query=%D1%88%D0%B2%D0%B5%D1%8F
http://hh.ru/,35000.0,50000.0,руб.,Швея на мебельное производство,https://korolev.hh.ru/vacancy/44307552?query=%D1%88%D0%B2%D0%B5%D1%8F
http://hh.ru/,,70000.0,руб.,Швея на участок пошива коллекции матрасов,https://korolev.hh.ru/vacancy/41744727?query=%D1%88%D0%B2%D0%B5%D1%8F
http://hh.ru/,25000.0,45000.0,руб.,Швея/мастер по ремонту и пошиву одежды,https://korolev.hh.ru/vacancy/44254186?query=%D1%88%D0%B2%D0%B5%D1%8F
http://hh.ru/,80000.0,100000.0,KZT,Помощник в вышивальный цех,https://korolev.hh.ru/vacancy/44321891?query=%D1%88%D0%B2%D0%B5%D1%8F
http://hh.ru/,,63000.0,руб.,Швея-лаборант,https://korolev.hh.ru/vacancy/43435633?query=%D1%88%D0%B2%D0%B5%D1%8F
http://hh.ru/,70000.0,100000.0,руб.,Швея на мебельное призводство,https://korolev.hh.ru/vacancy/44225162?query=%D1%88%D0%B2%D0%B5%D1%8F
http://hh.ru/,10000.0,40000.0,руб.,Швея для пошива мебельных чехлов,https://korolev.hh.ru/vacancy/44220925?query=%D1%88%D0%B2%D0%B5%D1%8F
http://hh.ru/,,,,Швея (г. Новошахтинск и г. Красный Сулин),https://korolev.hh.ru/vacancy/40701891?query=%D1%88%D0%B2%D0%B5%D1%8F
http://hh.ru/,,80000.0,руб.,Швея по пошиву автомобильных салонов,https://korolev.hh.ru/vacancy/44100717?query=%D1%88%D0%B2%D0%B5%D1%8F
http://hh.ru/,25000.0,35000.0,руб.,Швея-портная/портной (вышивальщица/вышивальщик) по пошиву женской одежды,https://korolev.hh.ru/vacancy/44041164?query=%D1%88%D0%B2%D0%B5%D1%8F
http://hh.ru/,,25000.0,руб.,Швея (прямострочная машинка),https://korolev.hh.ru/vacancy/43233961?query=%D1%88%D0%B2%D0%B5%D1%8F
http://hh.ru/,28000.0,40000.0,руб.,Швея (Советский район),https://korolev.hh.ru/vacancy/44050006?query=%D1%88%D0%B2%D0%B5%D1%8F
http://hh.ru/,,35000.0,руб.,Швея на производство мягкой мебели,https://korolev.hh.ru/vacancy/44081991?query=%D1%88%D0%B2%D0%B5%D1%8F
http://hh.ru/,35000.0,35000.0,руб.,Швея (метро Щелковская),https://korolev.hh.ru/vacancy/44026708?query=%D1%88%D0%B2%D0%B5%D1%8F
http://hh.ru/,,35000.0,руб.,Швея (утюжильщица-утюжильщик),https://korolev.hh.ru/vacancy/44025198?query=%D1%88%D0%B2%D0%B5%D1%8F
http://hh.ru/,20000.0,30000.0,руб.,Учитель начальных классов (воспитатель),https://korolev.hh.ru/vacancy/44323642?query=%D1%88%D0%B2%D0%B5%D1%8F
http://hh.ru/,,32000.0,руб.,Швея (ТЦ Моремолл),https://korolev.hh.ru/vacancy/39545157?query=%D1%88%D0%B2%D0%B5%D1%8F
http://hh.ru/,25000.0,32000.0,руб.,Продавец (магазин ткани),https://korolev.hh.ru/vacancy/44115773?query=%D1%88%D0%B2%D0%B5%D1%8F
http://hh.ru/,30000.0,50000.0,руб.,Швея на производство мягкой мебели,https://korolev.hh.ru/vacancy/44210931?query=%D1%88%D0%B2%D0%B5%D1%8F
http://hh.ru/,35000.0,50000.0,руб.,Швея-кеттельщица/кеттельщик,https://korolev.hh.ru/vacancy/44141749?query=%D1%88%D0%B2%D0%B5%D1%8F
http://hh.ru/,45000.0,45000.0,руб.,Швея-лаборант,https://korolev.hh.ru/vacancy/44033934?query=%D1%88%D0%B2%D0%B5%D1%8F
http://hh.ru/,25000.0,25000.0,руб.,Швея по трикотажному полотну,https://korolev.hh.ru/vacancy/44007992?query=%D1%88%D0%B2%D0%B5%D1%8F
http://hh.ru/,,,,Швея- лаборант,https://korolev.hh.ru/vacancy/44835088?query=%D1%88%D0%B2%D0%B5%D1%8F
http://hh.ru/,,700.0,бел.руб.,Печатник нарукавных знаков/швея-вырезальщик,https://korolev.hh.ru/vacancy/43876757?query=%D1%88%D0%B2%D0%B5%D1%8F
http://hh.ru/,,200000.0,KZT,Конструктор-Швея в мастерскую стиля,https://korolev.hh.ru/vacancy/44451198?query=%D1%88%D0%B2%D0%B5%D1%8F
http://hh.ru/,,600.0,бел.руб.,Термоотделочник (утюжка),https://korolev.hh.ru/vacancy/44570665?query=%D1%88%D0%B2%D0%B5%D1%8F
http://hh.ru/,1300.0,1500.0,бел.руб.,Портной,https://korolev.hh.ru/vacancy/44388447?query=%D1%88%D0%B2%D0%B5%D1%8F
http://hh.ru/,,800.0,бел.руб.,Швея трикотажного производства,https://korolev.hh.ru/vacancy/44350283?query=%D1%88%D0%B2%D0%B5%D1%8F
